,URL,Grade,Grade Accepted,Bank,Review,Product,Proxy Used,Status,Clear Conditions,Polite Employee,Availability,Convenience,City,Date
0,https://www.banki.ru/services/responses/bank/response/12622410,5,True,Альфа-Банк,"11.10.25 была списана комиссия за подписку Альфа-смарт в сумме 399 руб. 12.10 я это обнаружила, возле списания прямо в истории есть кнопка Оспорить, нажала на нее, написала обращение в службу поддержки на возврат комиссии. В течение минуты, наверное, комиссию вернули. Подписку отключила самостоятельно. В других банках такого приятного бонуса не встречала ",дебетовая карта,False,good,3,3,3,3,Ярославль (Ярославская область),12.10.2025 13:40
1,https://www.banki.ru/services/responses/bank/response/12622411,5,False,Альфа-Банк,"Обратилась в отделение банка для оформления перевода получения пенсии в Альфа банк.
Сотрудник помог с оформлением через Госуслуги, пояснил все моменты, какие дополнительные привелегии получает пенсионер, например, 5% повышенный кэшбек на приобретение лекарств в аптечных пунктах.
Буквально на следующий день пришло сообщение об одобрении перевода пенсии в Альфа банк.  ",все продукты,False,good,3,3,3,3,Уфа,12.10.2025 13:40
2,https://www.banki.ru/services/responses/bank/response/12622412,5,False,Совкомбанк,"Я пользуюсь картой ""халва"" с 2020 года. Мне очень нравится эта карта . Очень удобная рассрочка . Несколько лет назад перевела все к на рефинансирования. Теперь на много легче с платежом . И очень выгодно. Если вы пользуетесь картой ""халва"" то оформить кредит под ноль . Мне очень нравится эта карточка .  ",кредитная карта,False,good,3,3,3,3,Завитинск,12.10.2025 13:40
3,https://www.banki.ru/services/responses/bank/response/12622413,5,True,Альфа-Банк,"Обратилась в банк с просьбой помочь вывести деньги с закрытой кредитной карты. Дело в том, что на счете образовалась переплата и самостоятельно я не могла вывести эту сумму. Сотрудник Марина в считанные секунды помогла решить вопрос. Благодарю за качественный сервис, быстрое решение вопроса и качественную онлайн поддержку ",кредитная карта,False,good,3,3,3,3,Ульяновск (Ульяновская область),12.10.2025 13:40
4,https://www.banki.ru/services/responses/bank/response/12622414,5,True,Банк Ozon,"Светлана в 12:56 12.10 помог мне отменить ошибочное обращение. Я обратился к ним в чат для помощи в вопросах по условиям работы приложения, по вопросу взноса наличных, если произошел сбой, мне быстро помогли, сразу поддержали, решили мой вопрос и отнеслись индивидуально, чтобы я был доволен решением вопроса, так же удобное меню чата. Уютный сервис, вежливые сотрудники. ",дебетовая карта,False,good,3,3,2,3,Ставрополь,12.10.2025 13:41
5,https://www.banki.ru/services/responses/bank/response/12622415,5,True,Яндекс Банк,"Пользуюсь Яндекс Pay уже давно, в основном оплачиваю по QR-коду — быстро и удобно, особенно когда нет NFC. Всё работает стабильно, подтверждение проходит моментально. Часто возвращают кэшбэк, а бонусами оплачиваю поездки в Яндекс Такси — приятно экономить на повседневных расходах. Недавно заказал фирменный стикер Яндекс Pay, приклеил на телефон — теперь можно платить как обычной картой. Очень удобно, безопасно и современно! ",дебетовая карта,False,good,3,3,3,3,Казань,12.10.2025 13:41
6,https://www.banki.ru/services/responses/bank/response/12622416,5,False,Альфа-Банк,"5 сентября я пыталась перевести средства со своей карты Альфа-Банка на карту родственника в другом банке и столкнулась с блокировкой карты из-за подозрительной операции.  Я обратилась в офис на улице Ленина. К моему удивлению, вопрос был решён всего за несколько минут! Менеджер Анна оперативно связалась с нужным сотрудником, быстро проверила все данные и вскоре я получила смс о том, что моя карта разблокирована. Огромное спасибо за профессионализм и быструю помощь! ",дебетовая карта,False,good,3,3,3,3,Екатеринбург (Свердловская область),12.10.2025 13:41
7,https://www.banki.ru/services/responses/bank/response/12622417,5,False,Альфа-Банк,"Представитель банка заранее позвонил и в назначенный интервал был на месте, и даже немного подождал возле дома, пока я ехал с работы. Всё сделал быстро и понятно, без лишней информации и навязывания ненужных услуг, как многие любят это делать. передал карту и помог её активировать, сервисом доволен. ",дебетовая карта,False,good,3,3,3,3,Нижний Новгород,12.10.2025 13:43
8,https://www.banki.ru/services/responses/bank/response/12622418,5,True,Банк Ozon,"Помогли решить проблему с активацией дебетовой OZON карты. Консультанты быстро определили проблему и помогли с ней разобраться. Проблема была в том, что я перевыпустила карту, но не могла ее активировать. Оказывается нужно было просто обновить паспортные данные. Без помощи консультантов сама бы не догадалась. Спасибо большое!  ",дебетовая карта,False,good,3,3,3,3,Ухта,12.10.2025 13:44
9,https://www.banki.ru/services/responses/bank/response/12622419,1,False,Т-Банк,"Заказал продукты через приложение город в т банке , заказ полтора часа висит как принят, его не собирают,хотя деньги списаны . До окончания срока доствки 20 мин. Пишу в чат по этому вопросу, т.к связь только через них, поддержка ничего не знает и не решает, а в конце спросив номер заказа вообще слилась. Не советую там заказывать что либо, никто ничего не знает, связаться с магазином нет возможности. Поддержка нулевая. ",все продукты,False,good,1,2,1,2,Ростов-на-Дону (Ростовская область),12.10.2025 13:44
10,https://www.banki.ru/services/responses/bank/response/12622420,5,False,Альфа-Банк,"Хорошее приложение, удобный понятный интерфейс, большой кэшбэк, переводы без комиссии, кредитная карта больше года без %. В чате сотрудники оперативно и легко всё объясняют. Можно обратиться даже ночью, ответят быстро. Зарплата приходит без задержек. Также при проблемах с картой можно обратиться в любое ближайший банк, тебя выслушаю и решит все твои проблемы быстро и просто. Пользуюсь уже 3 год ни о чём не жалею. ",все продукты,False,good,3,3,3,3,Ханты-Мансийск,12.10.2025 13:45
13,https://www.banki.ru/services/responses/bank/response/12622423,5,False,Альфа-Банк,"Пользуясь услугами банка уже несколько лет, ни разу не пожалела о своём выборе, особенно впечатлила оперативность обслуживания, все операции быть то это переводы либо оформление документов, выполняется быстро и без лишних проволочек. Радует удобство мобильного приложения, оно индивидуально позволяет управлять финансами в любое время суток, также приятно удивилась широкая сеть банковских банкоматов и отдельный отделение по городу, всегда можно найти ближайший и решить свои вопросы. Отдельно хочу ответить на профессионализм сотрудников каждый раз, когда обращаюсь в банк, чувствую индивидуальный подход и внимание к деталям Альфа-Банк, это надёжность, удобство, современный сервис в одном флаконе, рекомендую всем, кто ценит качество и комфорт.  ",дебетовая карта,False,good,3,3,3,3,Калуга,12.10.2025 13:46
14,https://www.banki.ru/services/responses/bank/response/12622424,5,True,Альфа-Банк,"Однажды столкнулся с ситуацией, что мои документы попали в какие то организации, которые начисляли мне платёж в каком то гаражном сотрудничестве. Альфа банк прислал мне уведомление об этом, с этой проблемой я обратился в чат банка, на что сотрудник меня своевременно проинструктировал и дал рекомендации, что и в какой последовательности нужно сделать. Простыми, последовательными действиями я отклонил все операции, которые приходили мне на счёт. И сохранил свои деньги. ",все продукты,False,good,3,3,3,3,Бийск,12.10.2025 13:47
15,https://www.banki.ru/services/responses/bank/response/12622425,5,False,Камкомбанк,"В день вылета потребовалось купить доллар, но в воскресенье, к тому же нового образца оказалось не так просто. На сайте банки.ру нашла данный банк. Быстро дали обратную связь и зарезервировали необходимую сумму. обслуживание очень вежливое, курс устроил. В дополнение удалось с небольшой доплатой перепродать старые 100$ ",все продукты,False,good,3,3,3,3,Москва,12.10.2025 13:47
16,https://www.banki.ru/services/responses/bank/response/12622426,5,True,Московском кредитном,"Прийдя в МКБ банк на академика Янгеля, для переоформления вклада. Был очень приятно удивлён новым ремонтном, и приятной встрече с менеджером Н-ой Надеждой, она мне помогла выбрать вклад с выгодными условиями, и настроить личный кабинет. Также грамотно подсказала, как перевести деньги с другого банка. Благодарю за качественное обслуживание и внимание к клиентам!  ",вклады,False,good,3,3,3,3,Москва,12.10.2025 13:47
17,https://www.banki.ru/services/responses/bank/response/12622427,5,True,Альфа-Банк,"17 марта я заказал дебетовую карту по советам друзей ,в 15:00 к моему дому приехал сотрудник банка, мы созвонились с ним и я вышел к нему на встречу , Александр пригласил меня в свою машину ,он рассказал мне о бесплатных функциях карты,кэшбэке , и так же помог подключить мне бесплатный альфа смарт на 1 месяц. После этого он помог мне скачать приложение на айфон , и рассказал как получить деньги за акцию ""Приведи друга"". Так как я заказывал карту по ссылке друга , мне нужно было оплатить покупку картой альфа банка чтобы получить бонусы, я оплатил ее ,но бонусы не приходили , спустя 10 дней я решил позвонить сотруднику банка , который доставлял мне карту, и попросить его о помощи , я рассказал ему о проблеме ,и после этого в течении следующего дня мне пришли деньги за акцию. Благодарю сотрудника банка. ",дебетовая карта,False,good,3,3,3,3,Железногорск (Курская область),12.10.2025 13:47
481,https://www.banki.ru/services/responses/bank/response/12622891,5,False,Альфа-Банк,"В 16 лет я впервые открыл счет физ лица в Альфа банке. С тех пор многое изменилось, попробовал другие банки, разочаровывался в Альфе из-за высоких ставок по кредиту. Менял банки, искал лучшие условия, но лучшие условия всегда были рядом. Сейчас, в период банковского беспредела и повсеместных блокировок ни за что, ни про что, именно Альфа банк показывает себя с лучшей стороны. Именно эти ребята демонстрируют лояльность и клиенто-ориентированность. Пользовался разными банками: от самых крупных, до малых. Могу с точностью сказать: Альфа и Райфайзен - лучшие банки для физ лиц. ",дебетовая карта,False,good,3,3,3,3,Новосибирск,12.10.2025 18:02
483,https://www.banki.ru/services/responses/bank/response/12622893,5,False,Камкомбанк,"Хочу оставить восторженный отзыв о посещении отделения банка в субботу вечером! Это оказалось лучшим решением — никаких очередей и суеты, которые обычно бывают в будни. Атмосфера была спокойной и максимально располагающей. Но главное — это сотрудники, которые работали в это время. Несмотря на конец недели и не самое стандартное рабочее время, они были полны энергии, внимания и профессиональной доброжелательности. Сотрудник, который меня обслуживал, проявил высочайший уровень компетенции: всё объяснил подробно и доступно, помог заполнить документы и решил мой вопрос в кратчайшие сроки. Очень приятно, когда сталкиваешься с таким качественным сервисом и человеческим отношением. Однозначно рекомендую выбрать для визита вечер субботы — вы получите тот самый комфорт и скорость, которых так не хватает в повседневной жизни. Большое спасибо коллективу за отличную работу ",все продукты,False,good,3,3,3,3,Москва,12.10.2025 18:04
484,https://www.banki.ru/services/responses/bank/response/12622894,5,True,Альфа-Банк,"Добрый день! Хочу оставить свой отзыв про Альфа-банк. 10 числа с меня списали 399 р. за подписку в приложении Альфа-банк. По идее, подписку я не оформляла, может быть она и была, но я не знала о ней, т.е. дополнительные кэшбеки, рулетка и т.д.. Я была возмущена, конечно, но! Я оспорила операцию 11 октября и... через 1-2 минуты Альфа вернул мне деньги на счет, даже не онулировал выплаты кэшбека. Это было очень приятно. Спасибо за порядочность банка! ",все продукты,False,good,3,3,3,3,Пестравка,12.10.2025 18:04
485,https://www.banki.ru/services/responses/bank/response/12622895,5,False,Совкомбанк,"Спасибо большое оператору службы поддержки Алине! Очень быстро разобралась в нашей ситуации, и также быстро решила вопрос. Вопрос был по рассрочке, банк не засчитал покупку у партнёра, те провел операцию как не у партнёра. Честно говоря не верил , что обратившись в службу поддержки, получу реальную помощь. ",все продукты,False,good,3,3,3,3,Уфа,12.10.2025 18:04
486,https://www.banki.ru/services/responses/bank/response/12622896,5,False,Яндекс Банк,"Хочу выразить благодарность разработчикам мобильного приложения Яндекс пей. Очень удобное и легкое , даже моя мама (пенсионерка) в возрасте может им пользоваться . Так же хочу выразить благодарность за привлекательный процени по накопительному счету. Получается не только копить деньги, но и немного зарабатывать  ",вклады,False,good,3,3,3,3,Ростов-на-Дону,12.10.2025 18:06
487,https://www.banki.ru/services/responses/bank/response/12622897,5,False,Райффайзен Банк,"Просто хочу сказать, что вы молодцы и я рад быть вашим клиентом. Спасибо за отличный сервис, за клиентоориентированность, за хорошие консультации и быстрые решения всех вопросов. Жаль, что вы не выдаете кредитки, она была прекрасной (можно было переводить без %). Я не ценил, думал так у всех, но попользовавшись газпромом, мтс, сбером - я понял, что не надо бегать по финансовым организациям. Всё самое лучшее - уже здесь. Вы и Альфа - мои любимые банки. Благодарочка :)  ",дебетовая карта,False,good,3,3,3,3,Новосибирск,12.10.2025 18:07
488,https://www.banki.ru/services/responses/bank/response/12622898,5,False,Банк Ozon,"Обратился 12.10.2025 в 13:24  консультант Екатерина помогла разобраться в моей проблеме и даже подсказала как сделать проще, порекомендовала даже новые функции о которых я даже не знал  отвечала всегда быстро, вежливо  13:56 мы уже завершили разговор  в итоге хотелось сказать что озон лучше валберис у них долгое ожидание и цены большие  ОЗОН❤️ ",все продукты,False,good,3,3,3,3,Урюпинск,12.10.2025 18:07
489,https://www.banki.ru/services/responses/bank/response/12622899,5,False,ВТБ,"Добрый вечер! Обратился в банк ВТБ по личному вопросу. Ст. Специалист Алексей ( 703-20-620) Помог мне с вопросом по кредитной карте. Все четко и простым языком объяснил как работает и что ждёт меня при использовании кредитной карты. И даже, по моей просьбе, смог привести пример и рассчитал мне процент в месяц. Спасибо ему большое! ",кредитная карта,False,good,3,3,3,3,Всеволожск,12.10.2025 18:08
492,https://www.banki.ru/services/responses/bank/response/12622902,5,True,Совкомбанк,"Вечером 12 октября 2025 я обратился в чат мобильного приложения Совкомбанк, чтобы получить консультацию по условиям использования годовой подписки Халва.Десятка, так как я в течение года выполнял условия для возврата подписки 5х10, но месяц назад условия изменились.

Оператор Виолетта Ц-р развернуто ответила на все мои вопросы и проконсультировала по условиям и преимуществам подписки Халва.Десятка. Скриншоты переписки прилагаю. ",все продукты,False,good,2,3,3,3,Киров (Калужская область),12.10.2025 18:09
493,https://www.banki.ru/services/responses/bank/response/12622903,1,False,Совкомбанк,"То что ИТ-специалисты банка ещё те профессионалы уже общеизвестно, но когда их компетенция усугубляется ещё и профессионализмом маркетинга этого банка, не в состоянии беупречно провести в МП акцию с АЗС-партнерами, то это никчемная суета не может вызвать ничего кроме как раздражения у персонала АЗС и непреодолимое желание у клиента поискать другой банк, в полном соответствии с рекомендацией НЭС. Персонал мобильного чата вразумительные ответы дать не в состоянии. Переписка с менеджером и скрины криво работающего(отображающего только чётные! номера колонок АЗС) МП приведены в Приложении. ",все продукты,False,good,1,3,1,1,Новосибирск (Новосибирская область),12.10.2025 18:09
494,https://www.banki.ru/services/responses/bank/response/12622904,5,False,ВТБ,"При переводе денег, банк заподозрил мошеннические действия и заблокировал л/к, сталкиваюсь впервые, но позвонив на 1-00-0, было все четко и быстро решено  Замечательному оперетору Екатерине, 70262214 При переводе денег, банк заподозрил мошеннические действия и заблокировал л/к, сталкиваюсь впервые, но позвонив на 1-00-0, было все четко и быстро решено Замечательному оперетору Екатерине 70262214🌹🌹🌹🌹🌹🌹🌹🌹🌹🌹🌹🌹🌹🌹🌹🌹🌹🌹🌹🌹🌹🌹🌹🌹🌹🌹🌹🌹🌹🌹🌹🌹🌹🌹🌹🌹🌹🌹🌹🌹🌹🌹🌹🌹🌹🌹🌹🌹🌹🌹🌹🌹🌹🌹🌹🌹🌹🌹🌹🌹🌹🌹🌹 ",все продукты,False,good,3,3,3,3,Воронеж,12.10.2025 18:09
495,https://www.banki.ru/services/responses/bank/response/12622905,5,False,НКО ЮМани,"Была проблема с переводом на карты других банков с помощью СБП. Обратился в службу технической поддержки, ответ был получен оперативно. Проблему помогли решить, объяснили какие настройки нужно включить. Поддержка ОЧЕНЬ выручила оперативным реагированием и понятной формулировкой инструкции! Спасибо большое за работу! ",дебетовая карта,False,good,3,3,3,3,Севастополь,12.10.2025 18:10
496,https://www.banki.ru/services/responses/bank/response/12622906,5,True,Альфа-Банк,"По ссылке друга я заказала карту альфа банка и мне понравилось что можно указать, когда удобно будет ее привезти и в какой период времени. Доставка пришла быстро и удобно, представитель банка оказалась очень приятной и коммуникабельной девушкой, объяснила все подробно и помогла с подключением онлайн банка. 12.10.2025 примерно 15:00 представитель Анна доставила карту. ",дебетовая карта,False,good,3,3,3,3,Рязань (Рязанская область),12.10.2025 18:10
498,https://www.banki.ru/services/responses/bank/response/12622908,5,True,Банк Ozon,"Спасибо за оперативное решение проблемы. У меня завершилась процедура банкротства, счеты была заблокированы временно. Написал в поддержку, ответили сразу и разблокировали. Спасибо за быстроту. Теперь буду пользоваться только вашим банком. Часто заказываю озон, поэтому заказал дебетовую карту с кэшбэком. Удобно, всем советую! ",дебетовая карта,False,good,3,3,3,3,Москва,12.10.2025 18:13
500,https://www.banki.ru/services/responses/bank/response/12622910,5,True,Совкомбанк,"Замечательная работа банка, всегда дают исчерпывающие ответы, отвечают быстро и понятно, во многих ситуациях идут на уступки.  10 октября в районе 10 утра обратилась с проблемой (переживала из за смс рассылки). Оператор М-ва Алина успокоила и решила мой вопрос.
Советую банк. Ваши вопросы не останутся без внимания.  ",все продукты,False,good,3,3,3,3,Соликамск (Пермский край),12.10.2025 18:15
501,https://www.banki.ru/services/responses/bank/response/12622911,5,True,Совкомбанк,"Я обратилась в онлайн - чат банка Совкомбанк . 04.10.2025 в 13-58 . с вопросом разъяснить мне про подписка. Выражаю благодарность оператору А-ва Александра . она проверила всю информацию по моему вопросу и ответила на мой вопрос и все сопутствуюзие дальше вопросы. Очень приятно было услышать про новый продукт - ОСАГО , очень четко разъяснила какте плюсы . Приятно общаться с квалифицированными работниками , даже онлайн. ",дебетовая карта,False,good,3,3,3,3,Северодвинск (Архангельская область),12.10.2025 18:16
502,https://www.banki.ru/services/responses/bank/response/12622912,5,True,Альфа-Банк,"12 октября обратился в чат, чтобы разобраться с вопросом по списанию. Оказалось, что был подключен Альфа-Чек и произошло списание по тарифу. Оставил обращение с просьбой отключить услугу и рассмотреть возможность возврата суммы списанной комиссии.  Решение не заставило долго ждать, обращение было рассмотрено в течение нескольких минут и деньги сразу же вернули на счёт.  Особенно пораловала автоматизация процесса через чат-бота. Спасибо! ",дебетовая карта,False,good,3,3,3,3,Балаково (Саратовская область),12.10.2025 18:16
503,https://www.banki.ru/services/responses/bank/response/12622913,5,False,Яндекс Банк,"Несколько раз приходилось обращаться в поддержку яндекс банка. Не могла найти, где отключить подписку; в другой раз завис перевод. Отвечают очень быстро и действительно помогают советами, как быстрее решить вопрос. Мне понравилось то, что когда с первого раза у меня не получилось решить вопрос, мне ответили еще более детально и проблема разрешилась.  ",дебетовая карта,False,good,3,3,3,3,Москва,12.10.2025 18:16
504,https://www.banki.ru/services/responses/bank/response/12622914,5,True,Совкомбанк,"Добрый день! Сегодня, 11.11.2025, обратился в чат банка за консультацией по поводу их партнёра -Яндекс Маркета. Не смог сам разобраться после долгих разборок и тыканья по приложению. На удивление, мне не просто скинули какой то документ с условиями, но и ответили на конкретные, более узкие вопросы.

И даже не смотря на то, что по регламенту банка чат изрядно засоряла реклама кредита, я остался доволен, к тому же даже после некоторой паузы мне подключился именно тот специалист, отвечавший ранее. СПАСИБО большое А-ой Татьяне за консультацию! ",дебетовая карта,False,good,3,3,3,3,Пермь (Пермский край),12.10.2025 18:18
505,https://www.banki.ru/services/responses/bank/response/12622915,5,True,Альфа-Банк,"15 сентября я обратилась в чат приложения Альфа-банка в связи с тем, что мне не был начислен кешбек за покупку по ""Альфа-пятнице"" 12 сентября. У меня выпало 70 % - за мою покупку на сумму 3498 должны были начислить 1400 рублей Однако этого не случилось. Начисления составили по данной покупке лишь 34 рубля.   Сотрудница чата Екатериной по данному вопросу всё проверила и пообещала, что по данным условиям кешбек будет начислен 10 октября. А если по какой либо причине кеш бек не начислят, то подсказала куда и как обратиться и создать заявку. 10 октября кешбек не пришёл и я по совету Екатерины вновь обратилась в чат приложения.  На мою заявку ответила Дарья и прислала подробную инструкцию обращения.  Выполнив всё по инструкции и подождав ещё 2 дня я получила заветный ответ от сотрудницы чата Дарьи 12 октября, о том ЧТО МНЕ НАЧИСЛИЛИ МОЙ КЕШБЕК 🙏👍👍👍 Спасибо огромное всем сотрудникам, которые помогают разобраться в спорных вопросах и исправить ошибки системы. Спасибо Альфа банке за такие замечательные акции и выполнение своих обязательств 🤝🔥 ",все продукты,False,good,3,3,3,3,Уфа (Республика Башкортостан),12.10.2025 18:19
506,https://www.banki.ru/services/responses/bank/response/12622916,5,False,НКО ЮМани,"Сложилось так, что все карты заблокированы, вот решил попробовать, ещё не все возможности попробовал, но то что попробовал уже впечатляет, легкий и доступный интерфейс, возможность пополнить баланс из разных источников, в том числе банкоматов, плюс обещанный кэшбэк, посмотрим, что будет дальше, пока только одни  ",дебетовая карта,False,good,0,0,0,0,Серпухов,12.10.2025 18:19
507,https://www.banki.ru/services/responses/bank/response/12622917,5,True,Камкомбанк,"Здравствуйте, была в банке 11.10.2025 в 17:28, по адресу г.Казань, пр-кт Ямашева д.43А. Обслуживание понравилось, очень выгодный курс дирхама и доллара. Обслуживала нас сотрудник: К-а З.Ф. Обслуживанием остались очень довольны, сотрудник все объяснила и была вежлива. В следующий раз придем только к вам! ",все продукты,False,good,3,3,3,3,Казань (Республика Татарстан),12.10.2025 18:19
508,https://www.banki.ru/services/responses/bank/response/12622918,5,True,Яндекс Банк,"Добрый день. Ещё летом по совету друга открыла сейв в Яндекс банке с ежедневной капитализацией процентов. В процессе использования увидела Баннер с информацией что карта яндекс банка может автоматически пополняться с сейва под сумму покупки, мне это показалось удобным и я перекинула все деньги на сейв и начала платить с карты яндекса. Но при этом у меня возник вопрос. При перечислении денег по сбп иногда вылазило окно о том что напрямую перевести деньги с сейва нельзя, нужна сначала на карту, а потом переводить, а иногда это окно не вылазило. У меня возникло недопонимание можно ли переводить или нет и я задала вопрос в чат поддержки в приложении. Мне сразу ответили что до определённой суммы переводить можно, если свыше то через карту. Я довольна общением с поддержкой и в целом взаимодействию с банком. Рекомендую всем яндекс банк и сейв. Приложить скрин с общением в чате я не могу. Нашла историю общения, Хоть и общалась сегодня 12.10.2025.  ",все продукты,False,good,3,3,3,3,Екатеринбург,12.10.2025 18:20
509,https://www.banki.ru/services/responses/bank/response/12622919,1,False,Совкомбанк,"У меня две карты банка. Халва и карта с повышенным кэшбеком по категориям. Халву использовал полгода. Вторую карту месяц. Отключили программу лояльности по обеим картам. За то, что тратил только в повышенных категориях. При том, что это НЕ ЗАПРЕЩЕНО. Во всех других банках так делаю. И все так делают. Для этого и категории. Никто никогда не отключал. Глупость и нарушение своих же правил ",дебетовая карта,False,good,1,1,1,1,Екатеринбург (Свердловская область),12.10.2025 18:20
510,https://www.banki.ru/services/responses/bank/response/12622920,5,True,Камкомбанк,"Была в этом банке 09.10.25, в 13:18. По адресу Гидростроителей, 21. Очень приветливые, вежливые и компетентые сотрудники работают в этом банке. Оформляли дебетовую зарплатную карту, все было быстро и понятно, все подробно объяснили, на все вопросы ответили. Обслуживанием в этом банке осталась довольна ",дебетовая карта,False,good,3,3,3,3,Набережные Челны (Республика Татарстан),12.10.2025 18:20
511,https://www.banki.ru/services/responses/bank/response/12622921,5,True,Альфа-Банк,"я забыла о том,что у меея подключена услуга Альфа-Смарт,банк списал у меня деньги за эту услугу.Так как я не хочу ей пользоваться,я написала в поддержку и мне отключили услугу и вернули списанные деньги.09.10.2025 так же у меня взысали комиссию,и я снова обратилась в поддержку,и денежные средства были возвращены.11.10.2025 ",дебетовая карта,False,good,3,3,3,3,Новосибирск (Новосибирская область),12.10.2025 18:21
751,https://www.banki.ru/services/responses/bank/response/12623161,5,False,Альфа-Банк,"Хотел бы поблагодарить всю команду Альфа банка ! всегда готовы прийти на помощь , использую не только дебетовую карту но и кредитную. Продление срока действия без проблем , установить мобильное приложение , пожалуйста . Автоматизировано все до мелочей , приложение и сайт удобны для использования и одновременно просты  ",дебетовая карта,False,good,3,3,3,3,Москва,12.10.2025 20:52
752,https://www.banki.ru/services/responses/bank/response/12623162,5,True,Альфа-Банк,"Я хотел сказать о том какая прекрасная поддержка у альфа банка, оформил я карту по ссылке друга, но именно в тот день когда должен был приехать курьер у меня не оказалось паспорта который был в другом городе( доставка была 7 дней), и когда я забрал паспорт вместо того чтобы отправлять меня в офис чтобы забирать эту карту, оператор понял что я живу далеко и отправил карту заново с курьером но реферальную ссылку я не утратил и бонус получил! ",дебетовая карта,False,good,3,3,3,3,Астрахань (Астраханская область),12.10.2025 20:53
753,https://www.banki.ru/services/responses/bank/response/12623163,5,False,Альфа-Банк,"3 сентября обратился за помощью, хотел узнать как выгоднее всего пользоваться картой, моментально ответили и помоги, благодарен очень банку удобный и всё для людей большой кешбек а за совет другу дают очень большие и ррятные бонусы так же карту очень быстро доставили буквально в течении 3 дней. Спасибо альфа банку  ",дебетовая карта,False,good,3,3,3,3,Бердск,12.10.2025 20:53
754,https://www.banki.ru/services/responses/bank/response/12623164,5,False,Альфа-Банк,Обожаю карту альфа банк самые выгодные предложения и лучший кэшбек в моей жизни!!! Всегда ей пользуюсь и очень довольна обслуживанием. Все вопросы решаются быстро и без лишних вопросов!!! Рекомендую её друзьям и родственникам!!! Лучший процент по накопите счету и замечательный удобный сайт!!! Прекрасная карта всем рекомендую для использования!!!  ,дебетовая карта,False,good,3,3,3,3,Кирс,12.10.2025 20:55
755,https://www.banki.ru/services/responses/bank/response/12623165,5,False,Совкомбанк,"После оформления карты по рекомендации друга не начислили бонусы. Но после обращения в службу поддержки банка все бонусы начислили. Спасибо за оперативное решение. Рекомендую! Хотелось бы, конечно, чтобы банк сам это делал без дополнительных обращений, но есть как есть. Главное, бонус начислен и картой пользуюсь ",дебетовая карта,False,good,2,3,3,3,Санкт-Петербург,12.10.2025 20:57
756,https://www.banki.ru/services/responses/bank/response/12623166,5,True,Совкомбанк,"12 октября 2025года в 20-00 обратилась в онлайн чат Совкомбанка с вопросом, можно ли получить выгоду от оплаты налога? виртуальный помощник Катюша ответила, за оплату налога кешбек не начисляется, но можно оплатить заемными средствами, срок рассрочки составит 1 месяц, а если подключить подписку ""Халва.Десятка"" с суперопцией ""Все и везде""то срок можно увеличить на 3 месяца. Ответ быстрый и понятный, благодарю. ",все продукты,False,good,3,3,3,3,Южа (Ивановская область),12.10.2025 20:57
758,https://www.banki.ru/services/responses/bank/response/12623168,5,True,Ак Барс,"В субботу 11.10.2025 потребовалось приобрести доллары, но в выходной день это оказалось непросто в центре миллионной Казани. Работали, особенно после обеда, не так много офисов банков, и где-то не было валюты вообще, где-то не было долларов нового образца (а старого, как известно, много где не принимают), где-то был очень невыгодный курс. Выручил АкБарс банк. Я посетил его просторный, комфортный, очень интересно оформленный и совмещённый с кафетерием :) офис на ул.Право-Булачная, 51 в 16:23. Меня быстро приняли и обслужили. Хотя в Банке есть комиссия за обмен, если обменивать не совсем уж маленькую сумму, даже с учётом комиссии курс получается вполне хорошим. Благодарю Банк за клиентоориентированные сервисы. ",все продукты,False,good,3,3,3,3,Казань (Республика Татарстан),12.10.2025 20:58
760,https://www.banki.ru/services/responses/bank/response/12623170,5,False,Альфа-Банк,"Добрый вечер.

11.10.2025 обратился в банк о списании средств со сщета мамы, соединили с оператором. Оператор Дарья оперативно просмотрела причины списания. Составила заявление по отключения допов и на возврат средств. Деньги пришли в течении минут.

12.10.2025 утром опять списание средств. Утром Писал через чат, ответа не последовало. Вечером дозванился оператору. Объяснили что списание ошибочное, деньги вернули тудже. Надеюсь списание не будет.  ",дебетовая карта,False,good,2,3,3,3,Нижнекамск (Республика Татарстан),12.10.2025 20:59
762,https://www.banki.ru/services/responses/bank/response/12623172,5,False,Т-Банк,"Итак, обращаясь в поддержку Т-банка, всегда уверена в скорости работы, опытности и отзывчивости специалистов. Я ещё не разу не вышла из чата недовольная и не удовлетвореная решением проблемы. Вот и в этот раз мне попался чудесный Максим ( со внутренним номером в Банке - 1053081) Исправил всё, что я натворила, ещё и позитивом зарядил. Спасибо, Максим, Вы сделали мой вечер!🥺🌷 ",все продукты,False,good,3,3,3,3,Саратов,12.10.2025 21:03
763,https://www.banki.ru/services/responses/bank/response/12623173,5,True,Альфа-Банк,"Здравствуйте, 12 августа поступили деньги на счёт, списали коммисию за смс уведомления, ранее такую услугу я не подключала. Обратилась в чат поддержки быстро помогли решить проблему и отключить услугу.

Деньги вернулись на счёт в течении нескольких минут. Чат работает хорошо не первый раз обращаюсь постоянно решают всё очень быстро!  ",все продукты,False,good,3,3,3,3,Иркутск (Иркутская область),12.10.2025 21:03
764,https://www.banki.ru/services/responses/bank/response/12623174,5,True,Камкомбанк,"Сегодня 12.10.2025 в 17:48 решил обменять рубли на доллары, приехал в ближайшее мне отделение по адресу С-Пб ул.Ярослава Гашека д.5, предварительно сделав резерв по телефону. Время ожидания 3 мин. Передо мной был 1 человек, далее в кассе меня меня обслужила кассир О.Б.А , весь процесс обмена занял минут 10. В наличии были старые и новые доллары, я купил старые, 2003-2006 год выпуска по курсу 81.89(новые на 1.9 руб дороже), в целом выдали доллары хорошего качества, не мятые, без печатей, подписей, надрывов и т.д. По моей просьбе заменили одну купюру 1996 года на 2006г.

Вообщем мне понравилось обслуживание в Камкомбанке и курс здесь один из лучших в Питере, буду обращаться ещё. ",все продукты,False,good,3,3,3,3,Санкт-Петербург,12.10.2025 21:04
765,https://www.banki.ru/services/responses/bank/response/12623175,5,True,Альфа-Банк,"12октября зайдя в приложение Альфа банка увидела что 10октября сняли комиссию за подписку на услугу ""Уведомление об операциях"" Хотя сколько месяцев пользуюсь картой, ни разу не списывали.  Сразу же написала в онлайн чат, соединили с оператором по имени Александр, он ознакомился с моим вопросом и через несколько минут ответил, что курьер при вручении карты подключил услугу, а про это меня не проинформировал.  Большое спасибо Александру за оперативную помощь с его стороной, вопрос решили положительно в мою сторону.  ",все продукты,False,good,3,3,3,3,Самара (Самарская область),12.10.2025 21:04
766,https://www.banki.ru/services/responses/bank/response/12623176,5,False,Альфа-Банк,"Заказал дебетовую карту альфа банк. Привезли быстро, все объяснили и показали что к чему.Сразу же как сделал несколько покупок , прислали бонус как и обещали. Очень много выборов кэшбэка , все как мне надо. В целом мне нравится вся суть альфа банка , их кэшбек и как они заботятся о своих пользователей. ",дебетовая карта,False,good,0,0,0,0,Москва,12.10.2025 21:05
970,https://www.banki.ru/services/responses/bank/response/12632940,5,False,Альфа-Банк,"Обращался в Альфа-Банк по поводу оформления кредитной карты. Сотрудники были очень вежливы и помогли быстро разобраться во всех нюансах. Мне подробно объяснили условия, ответили на все мои вопросы. В итоге карта была оформлена оперативно, и я остался очень доволен уровнем сервиса. Спасибо за помощь! ",кредитная карта,False,good,3,3,3,3,Екатеринбург,16.10.2025 08:22
971,https://www.banki.ru/services/responses/bank/response/12632941,5,True,Камкомбанк,"Была необходимость приобрести доллары. Вспомнил про свой положительный опыт обмена в Камкомбанке. 29 августа 2025 вечером я приехал в знакомое мне отделение Камкомбанка в г. Санкт-Петербурге на ул. Ярослава Гашека д. 5. Здесь ничего не изменилось. По прежнему уютное помещение, доброжелательные сотрудники. Взял в терминале талон в кассу. Мне повезло и меня туда пригласили через пару минут. Кассир Л-ва Е. О. любезно поинтересовалась какую валютную операцию я хочу совершить.

Узнав о моём желании купить доллары предложила мне на выбор купюры двух серий выпуска. Объяснила чем они отличаются, назвала курс обмена и сказала про комиссию банка в 200 руб. Выбрал доллары предыдущей серии так как их стоимость была на 1 руб. 90 коп. меньше пл сравнению с долларами нового образца. Обмен прошёл чётко и быстро. Банкноты были в хорошем состоянии. В 17:20 я вышел из отделения Камкомбанка. Рекомендую этот банк. У него хороший курс обмена. ",все продукты,False,good,3,3,3,3,Санкт-Петербург,16.10.2025 08:23
972,https://www.banki.ru/services/responses/bank/response/12632942,5,False,Банк Русский,"Обратился в отделение банка по адресу Сергеева 3/5 в торговом центре СильверМолла 16 октября 2025 года В 12:30 Для оформления потребительского кредита к Менеджеру Миле. Очередей не было,обслуживание хорошее. Помогли с обновлением телефона,установили приложение.
расположение офиса удобное,добрался без проблем. ",кредиты,False,good,3,3,3,3,Иркутск,16.10.2025 08:23
973,https://www.banki.ru/services/responses/bank/response/12632943,5,False,Альфа-Банк,"Добрый день ! Обратилась в альфа банк для выбора лучшего предложения по вкладам ! В работу меня взял Павел Масленников премиальный менеджер . Менеджер говорил со мной простым языком , делал зарисовки и исчисления , объяснил какое вложение будет лучшим для меня ! Относился уважительно , был прост без короны на голове и пафоса ! Очень приятный менеджер , сразу захотелось ему довериться . Благодарю его за грамотную речь , за изложение фактов простым языком , менеджер умеет найти подход к любому клиенту ! Очень было приятно работать с ним - рада что он стал моим персональным менеджером , потому что доверяю ему и считаю что я в полной безопасности со вкладом благодаря нему !!Человек всегда на связи , всегда позитивный !!! Ставлю ему 5 звезд  ",вклады,False,good,3,3,3,3,Киров,16.10.2025 08:23
974,https://www.banki.ru/services/responses/bank/response/12632944,0,False,Совкомбанк,"Уже неделю, каждый день поступают звонки от Совкомбанка в количестве ±7шт. Как правило перед звонком поступает пуш уведомление из приложения халва, что сейчас будет произведен звонок от банка. На просьбы больше не звонить реакции не последовало, все также неустойчиво звонят... Звонки идут от номеров +7903***(окончания всегда разные). ",все продукты,False,good,1,1,0,0,Екатеринбург (Свердловская область),16.10.2025 08:24
976,https://www.banki.ru/services/responses/bank/response/12632946,5,False,Альфа-Банк,"Альфа Банк- точно самый лучший банк, по крайней мере в России. Пользуюсь относительно недавно, но столько плюсов уже выявила. Самое любимое- кэшбек. Очень выгодный. А также, мне нравится дизайн карты. Красивый красный цвет и минималистика. Стикерпак очень классная вещь. Удобно, стильно, молодежно. Любимый банк. ",дебетовая карта,False,good,3,3,3,3,Уфа,16.10.2025 08:27
979,https://www.banki.ru/services/responses/bank/response/12632949,5,False,Альфа-Банк,"Мне нужно было перевести деньги за границу, и я обратился в Альфа-Банк. Менеджер помог мне выбрать самый выгодный вариант, подробно объяснил все комиссии и сроки. Весь процесс прошел быстро, четко и без каких-либо проблем. Очень рад, что выбрал именно этот банк – здесь всегда готовы помочь и выручить в любой ситуации! ",все продукты,False,good,3,3,3,3,Екатеринбург,16.10.2025 08:28
980,https://www.banki.ru/services/responses/bank/response/12632950,5,True,Альфа-Банк,"30 июля заметил списания за услугу, которую не подключал.

Через мобильное приложение быстро отправил обращение с требованием отключить услугу и вернуть средства за последние три месяца. Очень порадовала оперативность банка — услугу отключили, а деньги вернули в тот же вечер.

Отличный сервис, проблему решили. ",дебетовая карта,False,good,3,2,3,3,Уфа (Республика Башкортостан),16.10.2025 08:30
981,https://www.banki.ru/services/responses/bank/response/12632951,5,False,Альфа-Банк,"Очень хороший банк написал в поддержку по поводу бонуса,ответили очень быстро ясно и понятно,все проблемы быстро решили деньги выплатили.    лулутктатылдятутууоуоулдвокоулудаллклвлвллвдвдвдвдвдвдвдададададададдадададададададалаллалалеалелаееданндандардраоднаднардраднанднанданднаднанднаднанднооооо ",дебетовая карта,False,good,3,3,3,3,Волжск,16.10.2025 08:31
982,https://www.banki.ru/services/responses/bank/response/12632952,0,False,Альфа-Банк,   ,дебетовая карта,False,good,3,3,3,3,Сальск (Ростовская область),16.10.2025 08:32
984,https://www.banki.ru/services/responses/bank/response/12632954,5,False,Альфа-Банк,"Карта Альфа‑банка — мечта шопоголика, бывают такие акции, что по 10-20% рублями возвращается, экономия на максималках.Уведомления приходят в приложении и никогда не задерживаются, управлять счетами в нем тоже удобно, все на своем месте. Пользуясь альфой на протяжении нескольких недель и убедилась, что банк теперь менять не буду, альфа каждый год улучшает сервис.  ",дебетовая карта,False,good,3,3,3,3,Чапаевск,16.10.2025 08:34
985,https://www.banki.ru/services/responses/bank/response/12632955,5,False,Альфа-Банк,14 октября не мог положить деньги написал в чат с поддержкой мне очень быстро объяснили что делать в таких ситуациях перезапустить телефон или отправиться в другой бан к я отправился в другой банк там там все получилось хотел бы ещё обратить внимание на качественную работу все доходчиво объяснили и решили мне проблему ,дебетовая карта,False,good,3,3,3,3,Томск (Томская область),16.10.2025 08:34
986,https://www.banki.ru/services/responses/bank/response/12632956,0,False,МТС Деньги,"не советую данный банк, до поддержки сложно дозвониться ожидание оператора 10 минут и выше. Произошла сттуация, на меня открыто исполнительное производство, списывают с зарплаты денежные средства, получал зарплату на данный банк и по каким то неведомым причинам банк решил что нужно списать и остальные 50% зарплаты.

Писал в поддержку отвечают будто списывает пристав а не банк, но деньги поступают в банк потом приставу, создали запрос на возврат средств, 10.10, жду ответ до сих пор уже 16.10, отвечают что запром в работе, больше ничего внятного, никому не советую перевести сюда зарплату если у вас долги, деньги списывают мигом, а как вернуть так жди неделю или больше, точных сроков дать не может никто ни по телефону ни в чате поддержки, отвечают шаблонами. ",дебетовая карта,False,good,1,3,1,2,Ленинск-Кузнецкий (Кемеровская область),16.10.2025 08:34
987,https://www.banki.ru/services/responses/bank/response/12632957,5,False,Альфа-Банк,"Альфа-Банк — один из лучших банков! Пользуюсь уже второй месяц: удобное мобильное приложение, быстрое обслуживание и вежливые сотрудники. Всегда помогают решить любые вопросы. Кэшбэк, выгодные ставки и акции делают пользование картой ещё приятнее! Также есть рекомендация за которую можно получить немного халявы ",дебетовая карта,False,good,3,3,3,3,Тюмень,16.10.2025 08:35
988,https://www.banki.ru/services/responses/bank/response/12632958,5,True,Яндекс Банк,Я обратился в службу поддержки мобильного приложения Яндекс банка 14 октября в 23:08 с просьбой объяснить мне как произвести перевод денег за границу и в какие страны доступны переводы денежных средств.Служба поддержки ответила быстро и подробно разъяснила в какие страны доступны переводы денежных средств и как произвести перевод.После понятного ответа службы поддержки мобильного приложения Яндекс банка я успешно произвел перевод денег за рубеж . ,дебетовая карта,False,good,3,3,3,3,Березники (Пермский край),16.10.2025 08:35
989,https://www.banki.ru/services/responses/bank/response/12632959,5,True,Альфа-Банк,"Хочу выразить огромную благодарность команде Альфа-Банка за помощь в полном понимании всех тонкостей кэшбэка! Долгое время я просто пользовалась картой, но не до конца осознавала, как максимизировать выгоду от начислений и, главное, как правильно ими распоряжаться.

Специалисты банка оказали мне по-настоящему квалифицированную поддержку. Они не только подробно объяснили, как работает система начисления кэшбэка по моим категориям, но и подсказали, как выбрать наиболее выгодные опции для моего стиля покупок. Благодаря им я разобралась во всех нюансах вывода накопленного кэшбэка, узнала о возможностях его использования и о том, как получать ещё больше бонусов.

Теперь я с уверенностью могу сказать, что использую все преимущества кэшбэка от Альфа-Банка на полную катушку и очень довольна этим! Спасибо за такой профессиональный подход и заботу о клиентах! ",дебетовая карта,False,good,3,3,3,3,Кемерово (Кемеровская область),16.10.2025 08:35
990,https://www.banki.ru/services/responses/bank/response/12632960,5,False,Альфа-Банк,"Переводила деньги в сторонний банк и не знала о комисии банка. Подала обращение в личном кабинете банка. Если честно, не надеялась, что мне пойдут на встречу в таком вопросе, но в течение 15 минут банк рассмотрел обращение и вернул комиссию. Вот это скорость🤩 Очень приятно, спасибо, что вошли в моё положение❤️ ",все продукты,False,good,3,3,3,0,Королев,16.10.2025 08:37
992,https://www.banki.ru/services/responses/bank/response/12632962,5,False,Альфа-Банк,"Хочу выразить благодарность оператору Альфа-Банка, Софья за профессиональную и оперативную помощь в решении моего вопроса. Я обращался с проблемой о платежах. Оператор был очень внимателен, терпеливо выслушал мою ситуацию и предоставил четкую и понятную консультацию. Она помогла мне быстро решить проблему и была очень вежлива на протяжении всего разговора. Обслуживание оставило самые приятные впечатления! Рекомендую. ",дебетовая карта,False,good,3,3,3,3,Октябрьский,16.10.2025 08:37
994,https://www.banki.ru/services/responses/bank/response/12632964,5,True,Совкомбанк,"Добрый день! меня зовут З-ва Забира Р. С января 2025 года являюсь клиентом Совкомбанка, каждый раз убеждаюсь,что менеджеры очень отзычивые. Совкомбанка13.10.2025 обратилась с вопросами о лимите трат по кредитной карте. По обязательным тратам,что входит огромное спасибо за помощь.З-ая Анастасия оперативно среагировала на мои вопросы.ответила конструктивно,доступно! рекомендую! ",кредитная карта,False,good,3,3,3,3,Уфа (Республика Башкортостан),16.10.2025 08:39
995,https://www.banki.ru/services/responses/bank/response/12632965,5,False,Камкомбанк,"Живу рядом , Удобное расположение отделения ,во дворе можно припарковать машину .В отделении очень удобный терминал ,талон ,вызов Отличное быстрое обслуживание ,занимает не более пяти -десяти минут приветливый персонал ,резервироспние необходимой суммы по телефону ,фунты стерлинги ,хороший курс .Паспорт обязательно .часто пользуюсь этим отделением . ",все продукты,False,good,3,3,3,3,Москва,16.10.2025 08:39
996,https://www.banki.ru/services/responses/bank/response/12632966,5,False,Альфа-Банк,"Оставляю отзыв о быстрой и хорошей помощи Альфа-банка, в возрасте комиссии на подписку чека, всё вернули быстро, без задержек, уже не первый раз обращаюсь и всегда на связи служба поддержки , которая всегда поможет и поддержит, один из лучших наверно банков которых встречал на данный момент, всегда есть предложения в новых обновлениях банка, ещё раз спасибо банку и службе поддержки! 😉 ",все продукты,False,good,3,3,3,3,Новокуйбышевск,16.10.2025 08:39
997,https://www.banki.ru/services/responses/bank/response/12632967,5,False,Альфа-Банк,"Сняли комиссию, хотя не было изначально прописанно, что перевод с комиссией. обратилась в чат с банком и сразу же отреагировали. Деньги вернули тут же. Все объяснили. Сказали что умя комиссия , хотя меня об этом не предупреждали когда выдавали карту. Раньше спокой переводила и не было такого. Видимо какие то условия поменялись. ЛУЧШИЙ БАНК  ",дебетовая карта,False,good,3,3,3,3,Абабково,16.10.2025 08:40
998,https://www.banki.ru/services/responses/bank/response/12632968,5,False,Альфа-Банк,"В августе решила оформить альфа карту, в преимуществах и выгоде не успела разобраться самостоятельно, придя в банк, была приятно удивлена теплому обслуживанию, мне Ответили на все вопросы, рассказали о преимуществах карты, подключили бесплатные и полезные функции. Очень радует, что уведомления о поступлении денежных срежств приходят в ВК. ",дебетовая карта,False,good,3,3,3,3,Мытищи,16.10.2025 08:40
999,https://www.banki.ru/services/responses/bank/response/12632969,1,True,Инго Банк,"Здравствуйте. Заблокировали счет по ФЗ-115. Хочу предоставить нужные документы для разблокировки, но в приложение я войти не могу, тем самым в чат написать не могу тоже. Звоню на горячую линию, чтоб мне предоставили список документов, необходимые для разблокировки счета и карты, на горячей линии мне сообщили, чтоб я посетила банк.

Мне всего лишь нужно узнать список документов, почему это такая секретная информация? На официальном сайте я не смогла найти информацию. Я на работе, и могу заехать, чтоб предоставить документы. Но для этого мне нужно время, чтоб собрать все эти документы. Просто так ездить в банк, отпрашиваться с работы каждый раз за каждым запросом я не могу. Просьба предоставить перечень документов, необходимых для разблокировки счета ",дебетовая карта,False,good,1,2,1,1,Уфа (Республика Башкортостан),16.10.2025 08:41
1440,https://www.banki.ru/services/responses/bank/response/12633770,5,False,Альфа-Банк,"Хочу выразить искреннюю благодарность сотрудникам банка за высокий уровень сервиса и внимательное отношение к клиентам. Недавно столкнулся с ситуацией: с моего счёта списывалась плата за услугу уведомлений об операциях, о подключении которой я, честно говоря, даже не знал. Обратился в поддержку, чтобы разобраться в ситуации. К моему приятному удивлению, сотрудники банка очень быстро откликнулись, всё подробно объяснили и помогли отключить услугу. Более того — деньги за неиспользованный период были возвращены моментально, без лишних вопросов и ожидания. Спасибо за профессионализм, оперативность и лояльность! С вами действительно приятно иметь дело. ",дебетовая карта,False,good,3,3,3,3,Тюмень,16.10.2025 13:17
1441,https://www.banki.ru/services/responses/bank/response/12633771,5,False,Альфа-Банк," ""Хочу выразить огромную благодарность Альфа-Банку и создателям его сайта! Недавно столкнулся с необходимостью срочно оформить кредитную карту с выгодными условиями. Времени идти в отделение не было, и я решил попробовать сделать все онлайн. 1. Легко нашел нужный раздел с картами — все представлено наглядно, условия прописаны четко. 2. Заполнение заявки было простым и понятным. Меня провели через каждый шаг, не было никаких запутанных полей. 3. Подтверждение по СМС прошло мгновенно, и самое главное — решение пришло практически сразу!  Но на этом помощь не закончилась. После получения карты у меня возникли вопросы по льготному периоду. Я воспользовался онлайн-чатом на сайте. Консультант (к сожалению, не запомнил имя) ответил мгновенно, был вежлив и дал исчерпывающую информацию. Мне не пришлось звонить и полчаса слушать гудки — все решилось в пару кликов.  Отдельно хвалю Личный кабинет — все мои finances как на ладони: история операций, оплата услуг, управление картой. Все интуитивно понятно.  Итог: сайт Альфа-Банка — это не просто визитка, а полноценный и надежный финансовый помощник. Он реально экономит время и нервы. Теперь я постоянный клиент и рекомендую банк всем друзьям!""  ---  Вариант 2: Короткий и по делу (для быстрого размещения)  Заголовок: Отличный сайт и сервис!  Текст отзыва:  ""Очень доволен работой с сайтом Альфа-Банка. Помогли быстро оформить кредитную карту, не выходя из дома. Весь процесс от заявки до одобрения занял меньше 20 минут. Сайт удобный, все понятно, не пришлось никуда звонить. Онлайн-чат оперативно ответил на все вопросы. Спасибо за экономию времени и качественный сервис!""  ---  Вариант 3: Более эмоциональный отзыв  Заголовок: Наконец-то банк, где сайт ДЕЙСТВИТЕЛЬНО работает!  Текст отзыва:  ""Это просто невероятно! Я привык, что сайты банков — это сплошная головная боль: зависают, ничего нельзя сделать, приходится бежать в отделение. Но Альфа-Банк приятно удивил! Мне нужно было открыть вклад, и я решил попробовать онлайн. Оформил все за 10 минут! Все шаги простые, интерфейс логичный, никаких ошибок. Мне даже позвонил вежливый сотрудник, чтобы все подтвердить. Спасибо, что делаете банковские услуги доступными и удобными!""  ---  Советы, как сделать ваш отзыв еще лучше:  1. Конкретизируйте: Если вам помогли с чем-то конкретным (ипотека, автокредит, вклад), обязательно укажите это. Например: ""Помогли рефинансировать кредит из другого банка с большой выгодой"". 2. Назовите имя: Если помните имя консультанта из чата или сотрудника, который вам звонил, упомяните его. Это всегда ценится. 3. Упомяните плюсы: Что именно вам понравилось?    · Скорость: ""Мгновенное одобрение заявки"".    · Удобство: ""Не пришлось никуда ехать, все с телефона"".    · Поддержка: ""Чат-бот направил в нужный раздел, а живой консультант все подробно объяснил"".    · Функционал: ""В личном кабинете можно настроить ав  мело добавляйте свои детали ",кредитная карта,False,good,2,3,3,3,Новочеркасск,16.10.2025 13:18
1442,https://www.banki.ru/services/responses/bank/response/12633772,1,True,Россельхозбанк,"Отделение на Парадной улице.  Сотрудники прямо спят 🛌 (в прямом смысле , ктото развалился в кресле, ктото опустил голову на стол) .  Половина сотрудников просто сидит за компьютером, очередь не двигается.   Я всегда знал что данный банк относится к своим клиентам по свински (ранее чтобы закрыть вклад, пришлось вызывать полицию в отделение).  Уровень обслуживания просто ужас.. Пришлось обратиться из-за проектного финансирования ЛСР (а так обходите стороной). ",все продукты,False,good,1,1,1,1,Санкт-Петербург,16.10.2025 13:18
1444,https://www.banki.ru/services/responses/bank/response/12633774,5,True,Камкомбанк,"16 октября 2025 г в 12.55 Обратился в свой любимый Камкомбанк по адресу Хасана Туфана 29б к своему специалисту З-ой Лиличке чтобы уточнить остаток на расч. счете и снять денежные средства на нужды моего ИП и перечислить плановые налоги. Лилечка, как всегда оперативно озвучила мой остаток, рассчитала максимально возможную сумму для снятия по чеку, сама заполнила чек, сформировала платежное поручение на перечисление налога, на все процедуры Оформления ушло не более 10 мин.

Очень приятно посещать этот банк, Лилечка очень милая девушка,всегда встречает с улыбкой, узнает как у меня дела, очень качественно и быстро обслуживает, сюда хочется всегда возвращаться ",РКО,False,good,3,3,3,3,Набережные Челны (Республика Татарстан),16.10.2025 13:18
1445,https://www.banki.ru/services/responses/bank/response/12633775,5,False,Альфа-Банк,"Конечно, вот вариант в более естественном, ""человеческом"" стиле:  Оформлял карту Альфа-Банка ради кэшбэка, а в итоге получил сплошные плюсы. Приложение — огонь: переводы, выписки, всё быстро и без глюков. Баллы за покупки начисляются исправно, периодически попадаются выгодные акции в магазинах. Никаких внезапных списаний или проблем со службой поддержки не было. Рад, что выбрал именно этот банк для повседневных трат. ",дебетовая карта,False,good,3,3,3,3,Белгород,16.10.2025 13:18
1446,https://www.banki.ru/services/responses/bank/response/12633776,5,True,Альфа-Банк,"14.10.2025 обратился в чат поддержки Альфа-банка через мобильное приложение.
""Добрый день, подскажите, пожалуйста, выбил 50% кэшбэка (в промо-акции Кэшбэк до 100% на транспорт, прокрутив барабан), возник вопрос могу ли я приобрести билеты РЖД, или только распространяется на обзественный транспорт?""
Изначально мне отвечал робот, увы как и в большинстве банков на сложные вопросы бот, пока толково не отвечает, но думаю, альфа - высокотехнологическая компания допилит его до более приемлимого уровня.

Запросил сотрудника, в течение пары минут сотрудник Валерия подключилась к чату.
Вежливо поздоровалась и начала работать над вопросом. Сказала, что потребуется 5-8 минут, но ответила гораздо быстрее, за что отдельный респект - клиентоориентированный сервис.
Предоставила ответ в чат: ""Спасибо, за ожидание. Уточнила информацию по вашему вопросу. Кэшбэк по акции смоете получить за оплату билетов на метро, автобусы, электрички, трамваи и троллейбусы, аэроэкспрессы. Прикрепила ссылку на более подробные условия по акции""

Также подсказала, что если покупка билетов РЖД пройдет под МСС-кодом 4011-4112, 4131,4729, 4789, то смогут начислить кэшбэк по данной акции. В рамках максимального лимита - в моем случае - 400 рублей.
Также уточнили на счет доп вопросов, у меня таковых не было. Пожелал сотруднице хорошего дня.
Валерия вежливо поблагодарила за обращение и пожелала отличного дня и хорошего настроения.
Огромное спасибо за хорошую и главное своевременно быструю обратную связь ",все продукты,False,good,3,3,3,2,Москва,16.10.2025 13:18
1447,https://www.banki.ru/services/responses/bank/response/12633777,5,True,Банк «Санкт-Петербург»,"Хочу написать большую благодарность сотруднику банка М-вой Диане, которая работаоа по адресу Невский проспект 178 за её оперативную работу по решении мой проблемы а также обратную связь и помощь с её стороны, которую я получил при открытии счета. Обслуживание заняло не больше 10 минут, за что отдельное спасибо.  ",дебетовая карта,False,good,3,3,3,3,Санкт-Петербург,16.10.2025 13:18
1448,https://www.banki.ru/services/responses/bank/response/12633778,5,True,Банк ЗЕНИТ,"16 октября 2025г, обратилась в офис банка. Очереди не было, в офисе чисто, меня пригласили в окно номер 5. Алена уточнила цель визита. Мне надо было распечатать выписку по карте. Быстро распечатала выписку. Спасибо за быстрое обслуживание. В банке была мин 5-10. Буду рекомендовать знакомым Банк Зенит. ",дебетовая карта,False,good,3,3,3,3,Бавлы (Республика Татарстан),16.10.2025 13:19
1449,https://www.banki.ru/services/responses/bank/response/12633779,5,False,Альфа-Банк,"Мне очень нравится альфа, категории увеличенного кэшбэка хорошие, за совет дают много денег, тоже это хорошо, прям огромный плюс, да и сам банк очень хороший переводы без комиссии, я пишу этот отзыв потому что нужны 500 рублей за отзыв................................................................. ",дебетовая карта,False,good,3,3,3,3,Уфа,16.10.2025 13:19
1450,https://www.banki.ru/services/responses/bank/response/12633780,5,False,Альфа-Банк,"8 октября срочно нужны были деньги. Решил попробовать взять рассрочку. Обратился в чат с банком, узнать что нужно делать. В чате помогли с вопросом. Альфа-помощник объяснил как взять рассрочку, как ее погасить, какой минимальный платеж, про дату платежа. Оформил рассрочку, деньги пришли на баланс счета моментально. Доволен банком и помощником. ",дебетовая карта,False,good,3,3,3,3,Улан-Удэ,16.10.2025 13:19
1451,https://www.banki.ru/services/responses/bank/response/12633781,5,False,Совкомбанк,"Я Карыш Татьяна Даниловна,обратилась в чат поддержки для решения вопроса о начислении кешбека в неверном размере:1процент вместо 8-ми в категории авиа и жд билеты.Оператор Андрей подробно изучил информацию,зарегистрировал обращение и подал на рассмотрение,уверив в скорейшем решение вопроса.обещал ускорить ре менее чем за 10-ть дней ",дебетовая карта,False,good,3,3,3,3,Краснодар,16.10.2025 13:19
1452,https://www.banki.ru/services/responses/bank/response/12633782,5,False,Совкомбанк,"Вежливая сотрудница Ангелина, всё объяснила по услуга ""Улучшение кредитной истории "", все этапы понятны и просты. Я думаю,это отличный способ улучшить свою кредитную историю и по итогу получить нужную сумму кредита на свои нужды. Процесс не быстрый,но это стоит того,так как другого способа просто нет,микрозаймы это не выход. ",дебетовая карта,False,good,3,3,3,3,Полтавка,16.10.2025 13:20
1453,https://www.banki.ru/services/responses/bank/response/12633783,1,False,ВТБ,"Были вклады в ФК Открытие. 02.10.25 и 09.10.25 обратился в офис БМ-Банка (находится в офисе ВТБ) с целью сделать перевод денежных средств в другой банк, оператор ответил что в операции отказано по причине ""задвоения счетов"" и нужно составить обращение по этой проблеме. Прошло уже пять рабочих дней, проблема так и не решена, банк не возвращает мои деньги. Номер обращения 579 692 400.  ",вклады,False,good,0,0,0,0,Саратов (Саратовская область),16.10.2025 13:20
1454,https://www.banki.ru/services/responses/bank/response/12633784,5,False,Альфа-Банк,"16 октября 2025 года, я обратилась в онлайн чат альфа банка, с помощью, что бы мне рассказали о вкладах в данном банке, альфа помощник мне подробно рассказал какой вклад открыть лучше, какие гарантии, какая ставка, и чем данный вклад лучше, мы быстро выбрали данный вклад. Я осталась довольна данной работой, все было быстро и грамотно рассказано. Очень благодарна альфа помощнику. Очень удобно что есть онлайн чат, не выходя из дома сделали все что меня интересовало  ",дебетовая карта,False,good,3,3,3,3,Рязань,16.10.2025 13:20
1455,https://www.banki.ru/services/responses/bank/response/12633785,5,False,Альфа-Банк,"17 августа переводил со своей карты Альфа‑Банка на карту друга в другом банке и получил блокировку карты, как сомнительную операцию. Обратился в офис на площади Победы. Вопрос решили за 2 минуты, зам. руководителя Оксана моментально связалась по телефону с нужным сотрудником, всё быстро проверила, и сразу же получил смс — карта разблокирована. Спасибо за оперативность! ",дебетовая карта,False,good,3,3,3,3,Санкт-Петербург,16.10.2025 13:21
1456,https://www.banki.ru/services/responses/bank/response/12633786,5,True,Альфа-Банк,"Обратилась в поддержку через онлайн-чат с банком. Оператор быстро ответил на вопрос, что такое ""комиссия за обслуживание карты""и почему она была списана. (Деньги списали за ""обслуживание платежного стикера""). Во время того, как я заводила карту в отделении банка, менеджер не предупредила о том, что платежный стикер является платным. Я сообщила об этом оператору в чате и попросила вернуть деньги за обслуживание стикера, чтобы в дальнейшем отказаться от услуги. Оператор Александр быстро разобрался с вопросом и деньги вернулись обратно на счёт, а стикер теперь бесплатный для использования. Спасибо за оперативность! ",дебетовая карта,False,good,2,3,3,3,Владивосток (Приморский край),16.10.2025 13:21
1457,https://www.banki.ru/services/responses/bank/response/12633787,5,False,Альфа-Банк,Очень круто всё нравится всё суперски пуперски я очень рад чоо вырбоал именно этот банк всё нравится мне в этом банке я очень рад что выбрал имено этот банк это самый лусший банк на всей планете лучше него не чего не может быть я буду всегда пользыватся этим банком и буду рекомендовать его всем своим друзьям  ,дебетовая карта,False,good,3,3,3,3,Краснодар,16.10.2025 13:21
1458,https://www.banki.ru/services/responses/bank/response/12633788,5,False,Альфа-Банк,"В начале сентября, по нужде взял микрозайм через м-видео. Чтобы побыстрее погасить займ, начал переводить деньги с дебетовой карты Альфа-Банка на счет микрозайма, делал по несколько переводов в месяц. 16 октября зашел в приложение Альфа-Банк посмотреть историю о начислениях и заметил 2 списания подряд. Списания описываются как квази-кэш. Написал в онлайн чат, узнал что это. Оказалось это комиссия за перевод, посмотрел историю ниже, там то же есть такие же списания за перевод. Про такие комиссии я не знал и составил онлайн обращение на возврат денежных средст. Деньги вернули без проблем и быстро. Спасибо большое сотрудникам Альфа-Банка! ",все продукты,False,good,3,3,3,3,Татарск,16.10.2025 13:22
1459,https://www.banki.ru/services/responses/bank/response/12633789,5,False,Совкомбанк,"16.10.25г Я позвонил в контактный центр совкомбанка, мне нужно было решить вопрос по дебетовой карте. Мне ответил оператор Никита и помог в решении возникшей проблемы. Никита вежливо объяснил как можно устроить возникшую проблему в данной ситуации. Большое спасибо оператору Никите за помощь и удалённое время. ",дебетовая карта,False,good,3,3,3,3,Саратов (Саратовская область),16.10.2025 13:22
1660,https://www.banki.ru/services/responses/bank/response/12633990,5,True,Альфа-Банк,"16 марта 2025 года , в 15 -30 ,было обракщение в онлайн - чат , в приложении Альфа-Банка.Вопрос касался по отправке другу рекомендаций на два продукта банка :альфа -тревел и стикера на телефон. За полчаса от операторов чата, Игоря и Елены был получен подробный ответ о правилах и условиях использования этих карт, в случае отправления совета другу. ",дебетовая карта,False,good,3,3,3,3,Нефтекамск (Республика Башкортостан),16.10.2025 14:27
1661,https://www.banki.ru/services/responses/bank/response/12633991,5,False,Альфа-Банк,"Отзыв об Альфа-Банке

Я являюсь клиентом Альфа-Банка уже несколько лет и могу с уверенностью сказать, что это один из лучших банков на российском финансовом рынке! Здесь сочетаются высокий уровень сервиса, надежность и современные технологии, что делает работу с банком комфортной и безопасной.

Во-первых, Альфа-Банк предлагает удобные и выгодные финансовые продукты. Кредитные карты с длительным грейс-периодом, выгодные депозиты с высокой процентной ставкой, кэшбэк за покупки — всё это делает управление финансами максимально выгодным. Особенно радует мобильное приложение Alfa Mobile — интуитивно понятное, быстрое и функциональное. В нём можно моментально переводить деньги, оплачивать услуги, отслеживать расходы и даже инвестировать в ценные бумаги.

Во-вторых, качество обслуживания на высшем уровне. Сотрудники всегда вежливы, компетентны и готовы помочь. Приятно, что в Альфа-Банке можно решить почти любой вопрос онлайн или по телефону без необходимости личного визита в отделение. Техподдержка отвечает оперативно, а горячая линия работает круглосуточно.

В-третьих, банк активно внедряет инновации. Бесконтактные платежи, биометрия для входа в приложение, умные переводы — всё это делает Альфа-Банк лидером в цифровой трансформации банковской сферы.

Спасибо Альфа-Банку за то, что постоянно совершенствует свои услуги и делает банкинг удобным для клиентов! Рекомендую его всем, кто ценит надежность, современные технологии и высокий уровень сервиса.

Оценка: 5/5! ",дебетовая карта,False,good,3,3,3,3,Томск,16.10.2025 14:27
1662,https://www.banki.ru/services/responses/bank/response/12633992,5,False,Альфа-Банк,"1 октября переводил со своей карты Альфа‑Банка на карту друга в другом банке и получил блокировку карты, как сомнительная операция.



Обратился в офис на площади Победы. Вопрос решили за 2 минуты, зам. руководителя Оксана моментально связалась по телефону с нужным сотрудником, всё быстро проверила, и сразу же получил смс — карта разблокирована. Спасибо за оперативность! ",дебетовая карта,False,good,3,3,3,3,Белово,16.10.2025 14:28
1663,https://www.banki.ru/services/responses/bank/response/12633993,5,False,Альфа-Банк,"12 сентября установил приложение и стал клиентам. В этот же день заказал пластиковую карту: предложили варианты дня и времени для получения, по моему желанию решено назначить встречу с представителем на 18 сентября в промежуток с 11:00 до 19:00. Представитель Иван приехал вовремя, рассказал о преимуществах карты, об обслуживании, сразу выбрали категории для начисления кешбэка и сделали карту основной. По сей день остаюсь доволен выбором Альфабанка. ",дебетовая карта,False,good,3,3,3,3,Ярославль (Ярославская область),16.10.2025 14:28
1664,https://www.banki.ru/services/responses/bank/response/12633994,1,True,ПСБ,"Здравствуйте, стал клиентом банка ПСБ. 23 сентября я подал заявку на доставку дебетовой карты. 29 сентября мне его благополучно доставила курьерская служба доставки, с которой я подписал все необходимые документы.

Сегодня 16.10.2025, я до этого момента все еще не могу ей пользоваться. В личном кабинете вижу свою заявку на карту, но самой карты нет. Обращался в офис, многократно на горячую линию, писал в тех поддержку. В офисе переподписывал документы, но ничего не помогает.

Картой пользоваться не могу. Кроме того столкнулся с некомпетентной поддержкой, на мои вопросы получаю в чате поддержки одну информацию и перевод на горячую линию, на горячей линии получаю другой ответ. Пример: в чате я уточнил, есть ли у меня какие либо ограничения по тарифу карты или счета. Получил ответ об отсутствии ограничений и получил так же информацию, что могу открыть вклад и накопительный счет. Все верно, у меня получилось открыть счет и вклад, удалось пополнить каждый на 50 тысяч.

Сделал я это двумя переводами по сбп с другого своего банка ФИНАМ. Все прошло успешно. После этого я решил пополнить свой накопительный счет еще на 100 тысяч, сделал перевод по сбп и они не дошли на мой счет. После того как это произошло, я обратился в тех поддержку чтобы узнать подробности произошедшего, они мне сообщили что видят данные транзакции, но они в обработке и средства поступят мне в течение суток а может и раньше.

Я средства не получил и обратился в поддержку вновь. Поддержка сообщила что мои средства были заблокированы и требуют подтверждения с помощью моих данных на горячей линии. Я совершил звонок, на горячей линии мне сообщили о лимитах в 60 тысяч на карте и о том, что в связи с этим мои транзакции были отменены и направлены в банк отправитель и что мне необходимо связаться с ним.

Я принял эту информацию и направил обращение в банк ФИНАМ. Специалист из банка сказал, что по статусу данных переводов видит, что они прошли успешно и ничего не возвращалось, а если банк ПСБ направил мне средства назад, то мне необходимо уточнить у него каким именно образом они были направлены ( СБП или по реквизитам ) и в соответствие с этим предоставить необходимую информацию в банк ФИНАМ.

Я так и сделал, написал вновь в поддержку, которая вновь сказала что мои переводы были заблокированы СБ банка и мне вновь нужно обратиться на горячую линию, я позвонил на горячую линию и там мне сказали информацию о том, что деньги были направлены назад. Деньги мне не поступили, на мои попытки узнать о том где находятся мои средства, я получал неопределенные ответы, о том что они не обладают такой информацией. ИТОГ: потраченное впустую время, где-то в воздухе зависшие деньги

Никому не рекомендую связываться с этим банком, некомпетентная поддержка, долгие ответы на обращения, которые не приносят абсолютно ничего.  ",дебетовая карта,False,good,1,1,1,1,Пенза (Пензенская область),16.10.2025 14:28
1666,https://www.banki.ru/services/responses/bank/response/12633996,5,False,Альфа-Банк,"Недавно обращалась в Альфа-Банк за решением нескольких вопросов по своим счетам. В целом, обслуживание приятно удивило. Оператор был вежливым, профессиональным и быстро ответил на все мои вопросы.  Недавно обращался в Альфа-Банк за решением нескольких вопросов по своим счетам. В целом, обслуживание приятно удивило. Оператор был вежливым, профессиональным и быстро ответил на все мои вопросы.  Недавно обращался в Альфа-Банк за решением нескольких вопросов по своим счетам. В целом, обслуживание приятно удивило. Оператор был вежливым, профессиональным и быстро ответил на все мои вопросы. Недавно обращался в Альфа-Банк за решением нескольких вопросов по своим счетам. В целом, обслуживание приятно удивило. Оператор был вежливым, профессиональным и быстро ответил на все мои вопросы.   Обратила внимание на скорость обработки запроса — всего несколько минут, и я получила нужную информацию. Также оператор предложил полезные советы по услугам банка, что значительно упростило мои дальнейшие действия.  Единственный небольшой минус — временами была высокая нагрузка на линии, и ожидание ответа занимало больше времени, чем хотелось бы. Однако это не испортило общего впечатления.   В целом, высокое качество обслуживания и готовность помочь делают Альфа-Банк надежным выбором для клиентов. Сегодня писала пару вопросов, а в начале получения очень сильно помогли для регистрации. Ниже прикреплю пару фото. ",все продукты,False,good,3,3,3,3,Кумылженская,16.10.2025 14:28
1668,https://www.banki.ru/services/responses/bank/response/12633998,5,False,Алеф-Банк,"Альфа банк помог мне разблокировать карту, мне заблокировали карту по 115 фз. Я сразу как увидел это смс написал в чат поддержку банка. Мне очень быстро ответили, я рассказал всю ситуацию и мне помогли разблокировать мою дебетовую карту альфа банк. Очень нравится этот банк, всегда отвечают очень быстро! ",дебетовая карта,False,good,3,3,3,3,Йошкар-Ола,16.10.2025 14:28
1669,https://www.banki.ru/services/responses/bank/response/12633999,1,False,Газпромбанк,"В начале сентября 2025 года я обратилась с письменным заявление в офис ГПБ - Ростов на Дону, Ворошиловский проспект, 20/17 о списании моих долгов, как вдовы погибшего участника СВО. Все документы приложила, отметка о принятии на моем экземпляре есть.  Номер обращения 2687909.  Истек месяц приходит смска о продлении сроков рассмотрения. Ваши юристы за месяц не смогли 1 закон прочитать? Что за хамство и отсутствие клиентоориентированности. У меня супруг погиб, а я вынуждена тртить свои нервы и время на разборки с банками.  ",кредиты,False,good,1,1,1,1,Ростов-на-Дону (Ростовская область),16.10.2025 14:30
1672,https://www.banki.ru/services/responses/bank/response/12634002,5,True,Банк Русский,"16.10.2025 обратилась банка Русский Стандарт за услугой переоформления вклада. К сотруднику попала без очереди. Обслуживание было у сотрудника Р-ой Татьяны. Все настрой сделали и дополнительно рассказали про зашиту вклада от потери процентов чем я и воспользовалась. Все отлично, спасибо Татьяне  ",вклады,False,good,3,3,3,3,Сергиев Посад (Москва и область),16.10.2025 14:31
1673,https://www.banki.ru/services/responses/bank/response/12634003,5,False,Камкомбанк,"Был в банке 16.10.2025 в 14:20.Понравилось обслуживание,быстро помогли приобрести валюту.В банке хорошая атмосфера,везде чисто ,работники во всем готовы помочь и подсказать,все время как я зашел и вышел заняло не более 10 минут,обязательно вернусь в этот банк еще раз ,и возможно стану постоянным клиентом,спасибо! ",все продукты,False,good,3,3,3,3,Нижний Новгород,16.10.2025 14:32
1674,https://www.banki.ru/services/responses/bank/response/12634004,1,True,Альфа-Банк,"Стало очень дорого и некачественно.Ни менеджера выдавший карту ни ассистент в приложении даже после закрытия карты Alfa Only не проинформировал о том что тариф будет продолжать списываться. Я 10 лет была клиентом этого банка, но это были мои последние два месяца. на рынке сейчас хватает банков с нормальными условиями. Попасть в офис очень сложно, очереди, менеджеры - дети необразованные, раньше было лучше, видимо новые собственники всё испортили. ",дебетовая карта,False,good,1,1,1,1,Москва,16.10.2025 14:32
1675,https://www.banki.ru/services/responses/bank/response/12634005,5,True,Россельхозбанк,"Добрый день.

Открыл пакет Ультра 07.10.2025 доп.офисе Россельхозбанка в г. Уфа ул. Ленина 70. Этот пакет дает премиальное обслуживание , проходы в Бизнес залы, а так же повышенные ставки по вкладу. Сразу заказали премиальную карту.

16.10.2015 пришел за картой Mir Suprime, принял меня мой менеджер Г-ва Неля.Она рассказала про возможности использования карты ,очень удобно что можно снимать в любом банкомате без комиссий. Консультация была подробная, понравилась. Пользуюсь онлайн приложением , так же установили приложение новое по брокерскому обслуживанию.

Хочу поблагодарить сотрудников за хорошее отношение к клиентам, готовность придти на помощь и получить самые лучшие условия по продуктам. Рекомендую, обращайтесь в Россельхозбанк. ",дебетовая карта,False,good,3,3,3,3,Уфа (Республика Башкортостан),16.10.2025 14:32
1676,https://www.banki.ru/services/responses/bank/response/12634006,0,False,Альфа-Банк,"Обман. Заправился сегодня, и заметил, что через сервис Альфа банка 1 литр топлива обходится дороже, чем при обычной оплате на 4 рубля. Даже, если учитывать кэшбэк за данную заправку, то все равно получается дороже. Хорошая, схема у Альфа банка. Заметил я это случайно, а сервисом пользовался регулярно. Мы такой ""кэшбэк"" не приветствуем. ",все продукты,False,good,1,1,1,1,Санкт-Петербург,16.10.2025 14:32
1677,https://www.banki.ru/services/responses/bank/response/12634007,5,True,Совкомбанк,"16.10.2025 пришел в офис Совкомбанка для того, чтобы узнать по поводу платежей по кредиту. Помимо этого получил достойную, доступную консультацию в вопросах о переводе пенсии, Девушка показала как оплачивать ЖКХ в приложении. Остался доволен быстрым, качественным обслуживанием и доброжелательностью персонала ",кредиты,False,good,3,3,3,3,Орел (Орловская область),16.10.2025 14:33
1678,https://www.banki.ru/services/responses/bank/response/12634008,5,False,ВТБ,"Обращалась по адресу г. Новосибирск Ул Ленина 86 в офис банка для получения дебетовой карты. Красивый офис, приятные сотрудники, все очень организованно, общее впечатление о посещении на 100 баллов. Хочу сказать большое спасибо, буду дальше посещать данный офис с удовольствием, и рекомендовать близким. Однозначно рекомендую данный офис к посещению! ",дебетовая карта,False,good,3,3,3,3,Новосибирск,16.10.2025 14:34
1679,https://www.banki.ru/services/responses/bank/response/12634009,5,False,Банк Ozon,"Добрый вечер. Я обратилась в чат с вопросом об оплате кредитной картой и возможном возврате товара ненадлежащего качества.Решение вопроса оператором Динар заняло 2 минуты.По окончании переписки - добрые пожелания. Спасибо,часто операторы очень не спешат решать вопросы клиентов,или доводят нас до белого каления. Здесь- все оперативно. Благодарю! Желаю банку ""Озон"" процветать! Полунина Елена. ",кредитная карта,False,good,3,3,3,3,Канск,16.10.2025 14:34
1680,https://www.banki.ru/services/responses/bank/response/12634010,5,False,Альфа-Банк,"Отличный банк с профессиональным подходом  Хочу выразить искреннюю благодарность Альфа-Банку за высокий уровень обслуживания и профессионализм сотрудников. Уже несколько лет являюсь клиентом банка и ни разу не пожалел о своём выборе.Отдельно хочу отметить работу службы поддержки — ребята реально помогают, а не просто читают скрипты.  Рекомендую Альфа-Банк всем, кто ценит качество обслуживания, надёжность и современные технологии в банковской сфере. Здесь вы найдёте всё необходимое для комфортного управления своими финансами. ",дебетовая карта,False,good,3,3,3,3,Анжеро-Судженск,16.10.2025 14:34
1681,https://www.banki.ru/services/responses/bank/response/12634011,5,True,Камкомбанк,"Покупала немного долларов в Камкомбанке в отдлении м.Алексеевская.Валюта была в наличии,но лучше заранее бронировать у них на сайте.Из плюсов: 1)самый выгодный курс из всех банков,предложенных на сайте banki.ru 2)наличие банкнот нового образца, 3)достаточно много отделений по всей Москве, 4)сотрудники банка вежливы.,тихо,спокойно. Из минусов-комиссия за банкноты нового образца,но в итоге получила,что хотела быстро и не искала по разным отделениям,что нужно было(время-деньги,как говорится)В целом,все понравилось,рекомендую. ",все продукты,False,good,2,3,3,3,Москва,16.10.2025 14:34
2140,https://www.banki.ru/services/responses/bank/response/12634470,0,False,МТС Банк,"Сделал перевод со своего втб на свой мтс. Необходимо было оплатить определенные услуги, решил воспользоватся мтс банком, первая транзакция.

При оплате услуг мтс меня заблокировал. Я общался с менеджером по горячей линии, мне не подтвердили. Ходил в отделение. Они требуют налог. Хотя я военный. Конкретики не дают, гоняют постоянно. Так как я нахожусь в госпитале, я не могу бегать туда -сюда.

Потребовали справку с ВТБ от куда у меня деньги, предоставил справку с ЛК ВТБ, на что МТС сказал что такая не подойдет, и что нужна выписка взятая в отделения. В отделении ВТБ мне дали такую же как я выгрузил в ЛК ВТБ. Проблему не решаю, просто тянут время и удерживают деньги.  ",все продукты,False,good,1,1,1,1,Иркутск (Иркутская область),16.10.2025 17:13
2141,https://www.banki.ru/services/responses/bank/response/12634471,5,True,Альфа-Банк,"10 июля у меня вышло недопонимание по акции с кэшбеком , я обратилась в чат банка и сотрудница Анастасия мне все объяснила , успокоила и провела проверку , после чего у меня спустя непродолжительное время появились мои бонусные баллы и я смогла их перевести в настоящие рубли. Благодарю банк за ответственность и быстрое реагирование на проблемы клиентов. ",дебетовая карта,False,good,3,3,3,3,Магнитогорск (Челябинская область),16.10.2025 17:13
2142,https://www.banki.ru/services/responses/bank/response/12634472,5,True,Камкомбанк,"Я приходила в банк за обменом валюты. Сотрудник помог посчитать сумму долларов которую я могу приобрести на мои финансы. Сделала справку и когда к ней обращались другие клиенты вежливо пояснила, что может ответить чуть позже. В целом в банке у сотрудников есть желание и стремление помочь клиентам и решить все пробоемы. ",все продукты,False,good,3,3,3,3,Санкт-Петербург,16.10.2025 17:13
2143,https://www.banki.ru/services/responses/bank/response/12634473,4,False,Альфа-Банк,"Альфа-банк — как крутой снайпер: точный, быстрый и всегда в яблочко! 💥 Высокие технологии, молниеносные переводы и поддержка на связи даже ночью. Кредитные условия — огонь, приложения работают чётко, без задержек. И да, кешбэк радует — почти как попадание с 600 метров 😎 Если нужна финансовая точность — только Альфа! ",дебетовая карта,False,good,3,3,3,2,Уфа,16.10.2025 17:14
2144,https://www.banki.ru/services/responses/bank/response/12634474,5,True,Русский Стандарт,"Допустила просрочку по кредиту в банке Русский стандарт, и со мной 13 октября 2025 года, связался сотрудник досудебного урегулирования К-ль Виталий С. Деньги были, просто с большой загруженностью вылетело из головы. Виталий С. назвал сумму, пока просроченного платежа, а остальную сумму можно внести к дате списания по кредиту.

Я внесла деньги на кредитный договор, а Виталий С. отменил мне неустойку. У меня только слова благодарности к таким сотрудникам. ",кредиты,False,good,0,0,0,0,Магнитогорск (Челябинская область),16.10.2025 17:14
2145,https://www.banki.ru/services/responses/bank/response/12634475,5,True,Газпромбанк,"Хочу выразить благодарность представителю банка Виктору, за лояльный подход к клиентам. Сотрудник в день доставки созвонился со мной , обозначил , что в моей анкете есть ошибка, препятствующая выдаче карты (забыла вписать Отчество), объяснил как исправить заявку и привез карту на следующий день мне в г. Краснокамск, хотя у нас доставка банка привозит карты раз в неделю. На встрече помог активировать карту и рассказал про акцию с кэшбэком в Магните. Спасибо. ",дебетовая карта,False,good,3,3,3,3,Краснокамск (Пермский край),16.10.2025 17:15
2146,https://www.banki.ru/services/responses/bank/response/12634476,3,False,Альфа-Банк,"У альфа банка абсолютно одинаковые кредитная и дебетовая карта, что вызывает путаницу.  Из-за этого я сняла деньги с кредитной карты и положила на свою же кредитную(вместо дебетовой), истратив свой лимит на снятие. В поддержке банка вежливо признали что они похожи, но вернуть лимит они не могут, вопросов к ним нет, ошибка моя. Но я считаю что банк должен принять меры и добавить возможность выбора дизайна, или хотя бы сделать дебетовую и кредитную разными в том числе и в приложении. Решать такие проблемы в пользу клиента. ",дебетовая карта,False,good,1,3,2,1,Белгород (Белгородская область),16.10.2025 17:15
2147,https://www.banki.ru/services/responses/bank/response/12634477,5,False,Альфа-Банк,"Хочу сказать всем , что дебетовая альфа карта , это самая удобная карта , вкусные кешбеки на различные покупки начиная от продуктов , до техники , получил очень быстро , поддержка откликается очень быстро , что я ставлю 10 из 10 баллов , всем советую попробовать дебетовую карту , никогда не пожалеете с этим выбором  ",дебетовая карта,False,good,3,3,3,3,Шатки,16.10.2025 17:16
2148,https://www.banki.ru/services/responses/bank/response/12634478,5,True,Россельхозбанк,"Добрый день,хочу рассказать про своё посещение данного отделения. Обратился я в отделение банка Ухолово,мне нужно было обменять мелочь. Рядом удобная парковка,в отделение банка чисто,тепло и уютно! В кассе не было очереди,кассир очень вежливо и компетентно меня обслужила. Рассказала что у них как раз проходит монетная неделя и можно без комиссии обменять мелочь. Спасибо большое за великолепное обслуживание. ",все продукты,False,good,3,3,3,3,Ухолово (Рязанская область),16.10.2025 17:16
2149,https://www.banki.ru/services/responses/bank/response/12634479,5,False,Альфа-Банк,"14 октября у меня была проблемма с переда денежных средств с карты на кредитную карту деньги ушли а на кредитную карту зачислений не было. Я обратился в поддержку альфа банка и за 10 минут они решили мою проблему, я очень рад что начал пользоваться Альфа банком и жалею что до этого не пользовался их услугами.  ",все продукты,False,good,3,2,3,3,Селижарово (Тверская область),16.10.2025 17:16
2150,https://www.banki.ru/services/responses/bank/response/12634480,5,False,Альфа-Банк,"15 августа перевёл деньги другу на карту другого банка, и Альфа заблокировал карту как сомнительную операцию. Немного испугался, но пошёл в офис на площади Победы. Замруководителя Оксана сразу разобралась, позвонила куда нужно, всё проверила — и буквально через 2 минуты пришла смс, что карта снова активна! Огромное спасибо за оперативность и человеческое отношение 💪 Очень приятно, когда сотрудники реально помогают, а не тянут время. Альфа, вот за это вас и люблю ❤️ ",дебетовая карта,False,good,3,3,3,3,Москва,16.10.2025 17:17
2151,https://www.banki.ru/services/responses/bank/response/12634481,1,False,Т-Банк,"16.10.2025г. Мной была совершена оплата образования. До оплаты в категориях повышенного кешбека на месяц я выбрала категорию ""образование"" для выгодной оплаты обучения. После оплаты кешбек не начислили, сообщив, что операция является исключением по условиям программы лояльности.

Однако нигде это не было указано при оплате, а само приложение индифициривало оплату с МСС кодом ""образование"". Как оплата могла относитьс к исключениям, если МСС код с пометкой ""образование"". Раньше всегда выбирала этот банк, но после данного случая очень разочаровалась. ",дебетовая карта,False,good,1,2,2,2,Нижний Новгород (Нижегородская область),16.10.2025 17:17
2152,https://www.banki.ru/services/responses/bank/response/12634482,5,True,Банк Ozon,"Как же всё- таки хорошо, что есть эта он- Лайн поддержка! Сижу дома, картой не пользовалась уже несколько дней, включая интернет пространство. И тут на тебе! какие-то попытки списания с моей карты Озон!

Написала в он- Лайн чат банка. На удивление почти сразу же переключили на оператора, и в течении короткого времени удалось установить, что это были за попытки списать деньги с моей карты. Спасибо операторам за оперативность, а Озон Банку за отлично налаженый сервис! ",дебетовая карта,False,good,3,3,3,3,Дедовск (Москва и область),16.10.2025 17:17
2153,https://www.banki.ru/services/responses/bank/response/12634483,5,False,Альфа-Банк,"В сентябре получал в Альфа-Банке дебетовую карту. Хочу отметить высокий профессионализм и вежливость сотрудника, который меня обслуживал. Все прошло очень быстро, четко и без каких-либо затруднений. Меня подробно проконсультировали по всем условиям карты, выдали все необходимое и ответили на дополнительные вопросы.  Также обращался в онлайн чат по поводу вывода денег с брокерского счета, мне быстро ответили и все объяснили!

Приятно иметь дело с такими внимательными и компетентными людьми. Спасибо за качественный сервис! Теперь я их постоянный клиент! ",дебетовая карта,False,good,3,3,3,3,Уфа,16.10.2025 17:17
2600,https://www.banki.ru/services/responses/bank/response/12636920,5,False,Яндекс Банк,"Часто пользяюуст Яндекс пэй , зачастую выпадает хороший кешбек!
Как-то в кафе задвоился платеж и списали деньги 2 раза , поддержка быстро решила данную проблему и вернули денежные средства!
В банке много разных плюшек , а так же скидки при оплтате на я.маркет Данный банк рекомендую! Спасибо за решение моих вопросов! ",дебетовая карта,False,good,3,3,3,3,Липецк,17.10.2025 17:02
2601,https://www.banki.ru/services/responses/bank/response/12636921,5,True,Камкомбанк,"Приходил обменять валюту 16.10.2025 в 13:34 по адресу в Нижнем Новгороде по адресу ул. Ковалихинская д. 8, 1  Отличный сервис обмена валюты! Недавно воспользовался услугами обмена валюты в данном банке и остался очень доволен. Персонал встретил меня приветливо и профессионально проконсультировал по всем вопросам. Преимущества: Оперативность обслуживания — всё сделали за считанные минуты Прозрачные курсы обмена без скрытых комиссий Удобный график работы, подошёл в удобное для себя время Современное оборудование и надёжная система безопасности Вежливые и компетентные сотрудники Особенно порадовало то, что не пришлось долго ждать в очереди. Всё прошло быстро и комфортно. Также хочу отметить, что сотрудники подробно объяснили все условия обмена и рассказали о текущих курсах. Однозначно рекомендую этот банк для обмена валюты. Здесь вы получите качественный сервис и профессиональную помощь. Обязательно обращусь ещё! Оценка: 5 из 5 ",все продукты,False,good,3,3,3,3,Нижний Новгород (Нижегородская область),17.10.2025 17:03
2602,https://www.banki.ru/services/responses/bank/response/12636922,1,True,Совкомбанк,"Вынуждена иметь дело с банком, поскольку получаю на нее зп (моя компания имеет там зарплатный проект). В момент оформления карты нам навязанно всем подключили ещё и Халву.  И первые проблемы возникли, когда я хотела изменить главную карту для перевода туда средств по СПБ (то есть чтобы деньги приходили не на халву, а на зп карту). Писала в поддержку и сто раз все меняла, но в итоге просто выключалось сбп. Но уже я забила давно на эту историю, это цветочки.  Далее случилась такая ситуация, что мою зп карту отправили в архив. Сначала я долго пыталась выяснить в поддержке, куда вообще делась карта, сотрудники абсолютно некомпетентные, это просто ужас, я и звонила и писала. Ну сказали, что заблочили, причин не знаем (прошу обратить внимание, тут речь идёт не об аресте и тд, а именно карта вообще исчезла, ушла в архив и все). Я прошу меня в таком случае записать в банк на перевыпуск карты, мне сказали, что заранее записываться не нужно, вы приходите все сделают сразу на месте (переписка в чате от 01.07.2025).   Далее я еду в банк (Москва, Ярцевская 27к1, дата визита 08.07.2025 примерно в 18:00-18:30) и что вы думаете, специалист мне говорит, что не может мне оформить карту и вообще это не у них, а только через работодателя. А мне уже нужна карта, чтобы положить туда наличные и поэтому я спросила могу ли положить деньги на халву (тк у меня есть пластиковая она) и воспользоваться данной картой, мне сказали да, я кладу деньги на карту прямо на терминале в отделении банка ииииии зачисление оказывается только через сутки!!! А знаете что самое весёлое? Зачисление на данную карту через банкомат Сбера моментальное, а через банкомат Халва в самом же банке - сутки, просто офигеть.   В тот же момент я написала в поддержку, что меня они обманули по поводу перевыпуска карты, но они опять написали, что все можно и все работает, но я уже забила на эту ситуацию, меня замучил уже этот банк Просто выпустила виртуальную карту, а пластик стала использовать халву.  Все было хорошо до момента 10.10.2025, когда я попыталась оплатить еду в доставке магазина ииии оказалось, что у банка технические работы и длились они несколько часов. Я не могла ни поесть, никуда перевести деньги, ничего. Люди писали, что и снять из банкомата нельзя было, поэтому я уже даже не вышла пытаться это делать. Переписка с банком также есть.  И вот что меня добило и побудило написать этот отзыв. Сегодня 17.10.2025 снова технические работы!!!! И я снова не могу купить себе еды. Переводы не работают, оплата не работает.  Это я молчу уже про бесконечные звонки с предложением каких-то услуг. Люди, вы наладьте хотя бы базовые какие-то вещи в своей компании, ну серьезно. Это просто нервотрёпка. Я не встречалась с таким ни в одном банке.  ",дебетовая карта,False,good,1,2,1,1,Москва,17.10.2025 17:03
2603,https://www.banki.ru/services/responses/bank/response/12636923,5,True,Альфа-Банк,"Автоматически произошло списание комиссии за пользование картой, хотя тариф бесплатный. После обращения в чат в мобильном приложении банка мой вопрос решили положительно в течение 1 минуты. Все очень удобно, быстро. Помогающие всплывающие окошки опросника. Спасибо большое за оперативное решение вопроса ",дебетовая карта,False,good,3,3,3,3,Улан-Удэ (Республика Бурятия),17.10.2025 17:03
2604,https://www.banki.ru/services/responses/bank/response/12636924,5,False,Альфа-Банк,"Супруга получала карту альфа банк менеджер который выдавал, не корректно озвучил информацию по предоставлению услуги информирования, с карты были списаны 2 месячных платежа, когда супруга обнаружила, расстроилась. Написала в чат банка объяснила ситуацию сделали возврат средств, казалось бы мелочь но отношение банка порадовало ",дебетовая карта,False,good,2,3,3,2,Красноярск,17.10.2025 17:03
2605,https://www.banki.ru/services/responses/bank/response/12636925,1,True,Альфа-Банк,"Альфа-банк - самый щедрый из всех, с которыми я сталкивалась. Сотрудник обязательно оформит тебе платную услугу, о которой ты не просил, как только отвернешься.

Сегодня я пришла за платежным стикером, хотела получить новый пластик (что входит в обслуживание). Щедрый сотрудник оформил мне новый стикер (что платно) и еще кредитку сверху, какой молодец! Кредитку мне закрыли с третьего раза в чате, сама я не могла ее закрыть, потому что пуш приходил не на мой номер.

Еще сегодня я поставила приложение и увидела, что у меня оформлен Альфа-смарт, платная подписка (это не так просто увидеть в браузере). Как же так, ведь я не оформляла ее? А мне оформил щедрый сотрудник без моего ведома, когда я приходила за прошлым платежным стикером.

Я сверила по датам и все сошлось. Конечно банк не вернет мне 2300 за подписку, я направляла кучу запросов. Оказывается все списали по условиям тарифа, хоть и без моего ведома, очень удобно! Банк надеюсь будет благодарен за добрый отзыв.  ",дебетовая карта,False,good,1,1,1,1,Новосибирск (Новосибирская область),17.10.2025 17:04
2606,https://www.banki.ru/services/responses/bank/response/12636926,0,False,МТС Деньги,"Я зарегистрированный самозанятый предпринимател. на каждый перевод на счет у меня пробит чек в приложении мой налог. Поступившие в течении дня деньги перевожу на накопительный счет, как требуется какая то оплата, вывожу обратно на счет карты. Алгоритмы этого горе банка почему то решили, что мои действия подозрительные и заблокировали счет со всеми деньгами.

При этом в приложение не зайти, по телефону переводит звонок на робота, который посылает на сайт, предоставить документы. Очень странная политика- без предупреждения блокировать единственный счет со всеми деньгами. Связаться можно только по почие и то, отвечать никто не спешит- 10 рабочих дней у них на это по их же утверждению на сайте.

Закрыть счет и вывести деньги я тоже могу только отправив по почте нотариально заверив копии паспорта и на это у них есть 45 дней!!!! А жить мы с ребенком все это время на что должны??? Почему то карту можно было забрать в любом офисе МТС, а как забрать свои деньги, так в Питер лети с документами или неси доп расходы на натариуса и отправку писем, чтобы забрать свои же деньги!  ",дебетовая карта,False,good,1,1,1,3,Казань (Республика Татарстан),17.10.2025 17:05
2607,https://www.banki.ru/services/responses/bank/response/12636927,5,False,Норвик Банк,"Переодически обращаюсь в банк. Последний раз была в середине октября 2025 года. Удобно, потому что расположен недалеко от дома, здесь же облуживается мама, поэтому свой первый накопительный счет я открыла тут. Отделение небольшое, редко бывает очередь. Нравится обслуживание, всегда быстро и без навязывания услуг. Мне удобно пользоваться счетом с пополнением и снятием, пока не готова открыть вклад на определенный срок. Я студентка и поэтому часто перевожу и вывожу деньги через приложение. К счету даже не нужна карта, сбп работает. Все бесплатно и без комиссии. Посоветовала подруге, ей понравилось, так легче копить ",вклады,False,good,3,3,3,3,Киров,17.10.2025 17:06
2608,https://www.banki.ru/services/responses/bank/response/12636928,1,False,Альфа-Банк,"Решил я значит воспользоваться сервисом Альфа заправки с кэшбэком 7%, Но как оказалось это фейк. Реальная цена на заправках ниже чем через приложение Альфа-Банка 😁. Так например стоимость АИ 95 на заправках Татнефть г. Самара составляет 62.35 руб, а в приложении стоимость топлива с кешбеком 7% «по их акции» уже 65.77. Позорище ",все продукты,False,good,1,2,3,1,Самара (Самарская область),17.10.2025 17:06
2609,https://www.banki.ru/services/responses/bank/response/12636929,5,True,Альфа-Банк,"Хочу выразить огромную благодарность Альфа-Банку и лично специалисту выездного канала Алексею С-му за безупречный сервис по оформлению и доставке карты.

1. Как заказывал карту:
Оформил заявку на карту через мобильное приложение Альфа-Банка.Процесс был максимально простым и интуитивно понятным. Уже через короткое время со мной связался Алексей для согласования деталей.

2. Доставка:
Доставка была организована на высшем уровне.Мне понравилось:

· Скорость: Карту доставили буквально на следующий день после оформления заявки.
· Гибкость: Мне предложили на выбор несколько удобных временных окон, и мы без проблем согласовали идеальное для меня время.
· Удобство: Встреча прошла в удобном для меня месте, не пришлось никуда ехать и тратить свое время.

3. Общение с сотрудником:
Алексей– настоящий профессионал и приятный собеседник. В общении понравилось:

· Вежливость и доброжелательность: С первых секунд общения чувствовался позитивный и уважительный настрой.
· Компетентность: Алексей четко и доступно ответил на все мои вопросы по тарифам и услугам, связанным с картой.
· Оперативность: Все необходимые документы были подписаны быстро, без лишней бюрократии и задержек.

4. Данные о встрече:
Дата встречи: 17.10.25
Время встречи:16:30
Имя сотрудника:Алексей С-ий

Спасибо за такой комфортный клиентский опыт! Я точно остаюсь с вами! ",дебетовая карта,False,good,3,3,3,3,Нижний Новгород (Нижегородская область),17.10.2025 17:07
2610,https://www.banki.ru/services/responses/bank/response/12636930,1,True,ОТП Банк,"28 сентября я оформил дебетовую карту отп банка. Как указано на сайте при оформлении карты должен автоматически открыться накопительный счет. Установив мобильное приложение никакого счета не обнаружил. В чате банка сказали что это техническая ошибка и скоро это исправят. После этого еще несколько раз обращался в чат. Сказали что нужно много времени для этого. Сегодня 17 октября, счет так и не открыт. ",дебетовая карта,False,good,0,0,0,0,Первоуральск (Свердловская область),17.10.2025 17:08
2612,https://www.banki.ru/services/responses/bank/response/12636932,5,False,Альфа-Банк,"Оформляла кредитную карту. Сотрудник банка перезвонила, подробно объяснила условия, оформили заявку, назначили на следующий день встречу с представителем. Встреча состоялась в назначенное время, представитель очень вежливая, обслуживание очень понравилось, с кредитной картой дали ещё одну дебетовую и апельсин, что очень удобно, представитель все настроила, объяснила как правильно пользоваться картой. Обслуживание предсьпвителя очень очень понравилось. Теперь пользуюсь всеми картами. Приложение банка вообще супер, играю в игры и даже один раз выиграла, не много, но приятно. Спасибо Альфа банка!!  ",кредитная карта,False,good,3,3,3,3,Чита,17.10.2025 17:08
2613,https://www.banki.ru/services/responses/bank/response/12636933,5,False,Альфа-Банк,"Недавно столкнулся с очень неприятной ситуацией — при попытке оплатить авиабилеты за границу карту внезапно заблокировали. Я был в панике, так как время вылета приближалось, а все деньги были на счету. Немедленно написал в онлайн-чат, хотя была уже глубокая ночь. Меня соединили с сотрудником по имени Артем. Он не просто формально отреагировал, а действительно меня успокоил, понятно объяснил, что система заподозрила мою операцию несвойственной для моего обычного поведения. Он пошагово рассказал, какие вопросы мне задаст служба безопасности, и буквально за 10 минут мы всё проверили и подтвердили. Карту разблокировали, и я успел купить билеты. Огромное человеческое спасибо Артему за поддержку и профессионализм в такой стрессовый момент! ",дебетовая карта,False,good,3,3,3,3,Саратов,17.10.2025 17:08
2615,https://www.banki.ru/services/responses/bank/response/12636935,5,False,Камкомбанк,"Нужно было купить валюту. Предварительно позвонили в банк, узнали о наличии и курс покупки. В банке все прошло хорошо, персонал приветливый и доброжелательный. Пришли первые, поэтому очереди не было. Объяснили куда нужно подойти и как взять талон. Осудили быстро и профессионально. Будем обращаться ещё.  ",все продукты,False,good,3,3,3,3,Москва,17.10.2025 17:10
2616,https://www.banki.ru/services/responses/bank/response/12636936,5,False,Альфа-Банк,"12 октября по просил помочь разобраться со счетами, Мария быстро все поняла и хоршо все объяснила помогла понять какие счета и что лучше и как переводить правильно переводы без комиссии и очень бытсрые приложения не тормозит не разу не было, если вы еще не клиент вы многое теряете очень советую ваще класс,Спасибо! ",дебетовая карта,False,good,3,3,3,3,Стерлитамак,17.10.2025 17:10
2617,https://www.banki.ru/services/responses/bank/response/12636937,5,True,Совкомбанк,"Впервые столкнулась с проблемой при оплате мобильной связи через приложение. При попытке оплатить появилась надпись ""Данный вид операции запрещён"". Это, конечно, не обрадовало и я сразу обратилась за помощью в чат в приложении. Обратилась примерно в 20:05 и через 10 минут получила исчерпывающую информацию о ситуации. Б-ва Милана очень вежливо и подробно рассказала о причинах проблемы (технических), работе по её устранению в ближайшее время. Были принесены извинения за доставленные неудобства.  Очень понравилась ненавязчивость бота, он быстро перевёл на оператора по моей просьбе и не пришлось долго оператора ждать. Это удобно. ",все продукты,False,good,3,3,3,2,Бийск (Алтайский край),17.10.2025 17:11
2780,https://www.banki.ru/services/responses/bank/response/12637100,5,True,Альфа-Банк,"09.10.2025 г. Обратилась в чат поддержку Альфа-банка, чтобы помогли разобраться в возврате денежных средств через СБП из магазина Пятерочка.

Консультант Сергей быстро решил мой вопрос и подсказал, что нужно будет делать, если деньги не вернуться в положенный срок. Спасибо банку за помощь в решении вопроса! Прекрасный банк и прекрасные сотрудники, всегда помогают быстро решить вопросы.  ",дебетовая карта,False,good,3,3,3,3,Гатчина (Санкт-Петербург и область),17.10.2025 18:21
2782,https://www.banki.ru/services/responses/bank/response/12637102,5,True,Альфа-Банк,"17.10.25 написала в чат приложения, чтобы разобраться с комиссией за обслуживание пластиковой карты— хотелось вернуть коммисию о которой в банке меня не предупредили. Сотрудница Олеся быстро оазобралась в вопросе,тут же подала обращение и моментально возместили коммисию за обслуживание карты.  Огромное спасибо! ",дебетовая карта,False,good,3,3,3,3,Кемерово (Кемеровская область),17.10.2025 18:21
2784,https://www.banki.ru/services/responses/bank/response/12637104,1,False,Банк Ноосфера,"Банк через кредитного брокера согласовал кредит на 800 тыс под залог квартиры. Я потратила деньги на справки и нотариуса для их представителей. Приехали на подписание сделки и тут мне дают левую справку о доходах чтобы якобы выдать мне кредит.

И менеджер Егор рассказывает мне что иначе они не дают. Банк сам сделал левую справку и ее мне подсовывает чтобы потом обвинить меня в недостоверной информации? Заранее не сказали. Только в офисе банка! Не ведитесь на этот банк. Это мошенники. ",все продукты,False,good,1,1,1,1,Москва,17.10.2025 18:22
2785,https://www.banki.ru/services/responses/bank/response/12637105,5,False,Яндекс Банк,"Возникла проблема - нужны были реквизиты для перевода дать человеку, не знал где их найти в яндекс банке, было видно только номер карты, дата валидации и все, но не было ИНН БИК и вот этих данных.  Я открыл приложение и написал в поддержку, спросил как это лучше сделать. 17 октября 2025 года в 17.40 по Мск мне ответили в поддержке и подсказали, куда перейти в меню, нужно была зайти в меню яндекс пей, пролистать экран в самый низ и найти там кнопку ""реквизиты счета"".  Короче все получилось, мне удалось найти эти данные, благодаря поддержке, ну и дальше я распечатал их и отдал человеку, чтобы мне сделали перевод.   Очень понравилось то, что мой вопрос решили оперативно, ну и я думаю много кто попадал в такую-же сетуацию и мой опыт пригодится другим. Хочу также похвалить за решение моего вопроса поддержку банка.  Также прикладываю скрин переписки с банком, как доказательство решения моей проблемы.  ",все продукты,False,good,3,3,3,3,Рязань,17.10.2025 18:22
2787,https://www.banki.ru/services/responses/bank/response/12637107,5,False,Альфа-Банк,"очень, хороши банк и приемлимои проценты , сотрудники очень хорошие и добрые, карту очень быстро оформить и бесплатно, хорошее предложение альфа банк, Альфа-Банк предлагает выгодные условия и разумные проценты. Сотрудники банка — дружелюбные и отзывчивые люди. Оформление карты проходит быстро и бесплатно. Это хорошее предложение от Альфа-Банка.  ",все продукты,False,good,3,3,3,3,Кулебаки,17.10.2025 18:24
2789,https://www.banki.ru/services/responses/bank/response/12637109,5,True,Совкомбанк,"Я обратился 8 октября в 09.51 ч в Совкомбанк с вопросом ""У меня почему-то нет отображения баллов за покупки, я их не вижу ни в истории покупок, ни в транзикциях "" и мне Д. Л-ва в очень доступной для меня форме объяснила, что перечение этого кэшбека я сам перевел в накопительный счёт и что, если я хочу видеть эти перечисления, то мне надо отключить от накопительного счёта, чем я и оспользовался и поблагодарил её за полученную информацию  ",дебетовая карта,False,good,3,3,3,3,Архангельск (Архангельская область),17.10.2025 18:26
2790,https://www.banki.ru/services/responses/bank/response/12637110,5,True,Альфа-Банк,"5 октября у меня была списана комиссия за подписку Альфа-смарт, что вызвало у меня недовольство. Я решила обратиться в службу поддержки банка 10 октября, чтобы выяснить ситуацию.Меня очень порадовало,что сотрудники поддержки быстро отреагировали на мой запрос, и в тот же день деньги вернулись на мой счет.  Хочу отметить оперативность и профессионализм команды Альфа-Банка. Несмотря на возникшую ситуацию, я осталась довольна качеством обслуживания и тем, как быстро была решена проблема. Надеюсь, что в будущем подобных недоразумений не произойдет.Спасибо! ",дебетовая карта,False,good,3,3,3,3,Воронеж (Воронежская область),17.10.2025 18:27
2791,https://www.banki.ru/services/responses/bank/response/12637111,5,False,Совкомбанк,"Огромное спасибо Курочкиной Ирине, за помощь, все чётко, конкретно обьяснила, что, да как нужно сделать, чтобы всё получилось, побольше бы таких сотрудников, и гляди жить было легче 😊😊😊, я думал что как обычно, щас начнётся, то это не так, то то не так, тут размыто, тут не видно.  А нет, все быстро, ещё раз огромное спасибо  ",все продукты,False,good,3,3,3,3,Курган,17.10.2025 18:27
2792,https://www.banki.ru/services/responses/bank/response/12637112,5,False,Банк Русский,"Сегодня 17.10.2025г. была в отделении банка Русский стандарт ул. Большая Грузинская, 58. Ехала на встречу без энтузиазма, тк везде в других банках получала отказ. Обслуживалась у зам.руководителя Ложкиной Ирины. Ирина все подробно объяснила по одобренному кредиту, процентной ставке, графику платежей...Самое замечательное, что возможна досрочная оплата и уменьшение проц.ставки почти в 2 раза в случае перевода зарплаты в банк Русский стандарт. Очень рада, что обратилась в этот банк. Особая благодарность Ирине Ложкиной. ",кредиты,False,good,3,3,3,3,Москва,17.10.2025 18:27
2793,https://www.banki.ru/services/responses/bank/response/12637113,5,True,Камкомбанк,"17 октября 2025 в 13:37 посетила отделение банка 438/0/71 ДО г Москва, ул люсиновская, д.29, стр.1, обменивала валюту. специалист обслуживала быстро С-ых Л.П., приятный приветливый сотрудник, рассказала чем отличаются новые купюры долларов от старого образца. Отделение чистое убранное, внутри есть диваны для ожидания очереди. Минус отделения работает всего два специалиста, Скапливается большая очередь.  ",все продукты,False,good,3,3,3,3,Москва,17.10.2025 18:27
2794,https://www.banki.ru/services/responses/bank/response/12637114,5,False,Т-Банк,"Уже не первый раз обращаюсь в службу поддержки. Вопросы разные - от страхового случая до покупки экзотических билетов. И ВСЕГДА, я подчёркиваю, ВСЕГДА! вопрос решается в мою пользу!

Даже тогда , когда я был очевидно не прав. Никогда не было ни одного отказа. За что моя искренняя благодарность всем сотрудникам компании. Вот сейчас, мелочь, а приятно, сотрудница Екатерина (4****) решила вопрос быстрее моего визга по этому поводу 🤣  А теперь, уважаемые знатоки, внимание, вопрос - а, таки, почему я, ещё лет 20 тому назад, выбрал Т-банк? ",все продукты,False,good,3,3,3,3,Санкт-Петербург,17.10.2025 18:28
2797,https://www.banki.ru/services/responses/bank/response/12637117,0,False,Газпромбанк,"Мне еще давно заблокировали карту, за какие-то там операции, я не стал на это обращать внимание , сейчас в чат написал с просьбой о закрытии счета и выводе денег на счет в другом банке, оператор отказывается, ссылаясь на то, что я должен лично прийти в отделение и подать заявление на расторжение договора.

Я оператору обьясняю, что возможности лично приехать в отделение нет, и я хочу сделать это все онлайн, так как в других банках есть такая возможность. Окажите содействи в решении моего вопроса, потому что мне не нужна эта карта, мне нужны только деньги с нее. ",дебетовая карта,False,good,1,1,1,1,Краснодар (Краснодарский край),17.10.2025 18:28
3080,https://www.banki.ru/services/responses/bank/response/12637400,5,False,Альфа-Банк,"15.10.2025 года я обратился в отделение банка. По адресу г. Мичуринск, ул. Советская, д. 323. Мне нужно было получить стикер и настроить приложение. Сотрудник банка Елена обслужила меня на высшем уровне. Всё настроила и рассказала. Показала как  можно заработать.Остался очень довольным. Теперь буду рекомендовать всем своим друзьям и знакомым. Спасибо!!! ",дебетовая карта,False,good,3,3,3,3,Мичуринск,17.10.2025 20:51
3081,https://www.banki.ru/services/responses/bank/response/12637401,5,False,Альфа-Банк,"Хочу выразить искреннюю благодарность Альфа-Банку за невероятную помощь и поддержку! Когда возникли проблемы с переводом по сбп мы написали в поддержку и нам очень быстро решили эту проблему , сотрудники банка проявили профессионализм и терпение, быстро решив все вопросы. Я чувствовал себя поддержанным на каждом этапе. Уверенность в их службе очень вдохновляет. Рекомендую всем! ",дебетовая карта,False,good,3,3,3,3,Каневская,17.10.2025 20:51
3082,https://www.banki.ru/services/responses/bank/response/12637402,5,True,Совкомбанк,"Хочу поблагодарить сотрудницу службы поддержки Валерию, фамилию не помню, за решения возникшего у меня вопроса по поводу использования заёмных средств. Ситуация сложилась следующая: произвел оплату у партнера ""Халвы"" заемными средствами, но списание произошло, как не с партнером и рассрочка расчиталась на три месяца вместо десяти, как я планировал.

Сотрудник службы поддержки зафиксировала эту ошибку, составила обращение в нужное подразделение банка и я уверен, проблемма будет решена, т.к. все мои обращения по средством он-лайн чата получали позитивный отклик. Спасибо. ",дебетовая карта,False,good,3,3,3,3,Нижний Новгород (Нижегородская область),17.10.2025 20:52
3083,https://www.banki.ru/services/responses/bank/response/12637403,5,False,Яндекс Банк,"Хочу оставить восторженный отзыв о Яндекс Банке, особенно о его вкладах и невероятном удобстве! Открытие вклада занимает буквально несколько минут - никаких походов в отделение, огромных анкет и очередей. Весь процесс происходит прямо в приложении, которое работает быстро, стабильно и интуитивно понятно. Все условия по вкладам, процентные ставки и расчет доходности прозрачны и доступны в пару кликов. Мне, как клиенту, очень нравится гибкость управления. Например, возможность легко пополнять вклад или частично снимать средства без потери процентов (если это позволяет выбранная программа) - это огромное преимущество. Процентные ставки здесь одни из самых конкурентных на рынке. И самое главное - это экономия времени и нервов. Весь банк у меня в кармане, все функции работают как часы. Забываешь о существовании «традиционных» банков с их бумажной волокитой. Яндекс Банк — это фантастически удобно, современно и выгодно. Рекомендую всем, кто ценит свое время и хочет получать максимальный доход с минимальными усилиями! ",дебетовая карта,False,good,3,3,3,3,Екатеринбург,17.10.2025 20:52
3084,https://www.banki.ru/services/responses/bank/response/12637404,5,False,НКО ЮМани,Банк очень хороший деньги переводятся быстро и процент маленький всем советую топ я пользуюсь этим банком. Уже год и не о чем не жалею в будущем хочу взять ипотеку но если мне ее одобрят а так все отлично все хорошо поддержка очень отзывчивая отвечает моментально все четко и по делу никакой вафли !!! ,дебетовая карта,False,good,3,3,3,3,Абакан,17.10.2025 20:52
3085,https://www.banki.ru/services/responses/bank/response/12637405,5,False,Альфа-Банк,"Альфа-Банк оперативно вернул деньги после отмены подписки  Отменил ненужную подписку через приложение Альфа-Банка и был приятно удивлён скоростью обработки запроса. Деньги вернулись на счёт уже спустя несколько часов. Простое управление услугами, понятный интерфейс и быстрая поддержка — всё это оставляет приятное впечатление от взаимодействия с банком. Рекомендую клиентам смело пользоваться сервисом управления подписками в приложении Альфа-Банка. ",дебетовая карта,False,good,3,3,3,3,Оренбург,17.10.2025 20:53
3086,https://www.banki.ru/services/responses/bank/response/12637406,5,False,Альфа-Банк,"У меня списали деньги за подписку я написал в чат и на моё сообщение быстро отреагировали и вернули деньги.Когда мне приехала карта мужчина был вежливый,помог скачать приложение альфа банка,рассказал всё про альфа банк как кешбеки выбирать,какие лучше,был очень вежливый,приехал на хорошей машине ,в салоне вкусно пахло.Альфа банк лучший банк в мире ",дебетовая карта,False,good,3,3,3,3,Краснокамск,17.10.2025 20:54
3088,https://www.banki.ru/services/responses/bank/response/12637408,1,True,Вайлдберриз Банк,"Оформил заказ. Оплатил картой WB. Магазин заказ не выполнил ( месяц а не два дня,). Вернули деньги, делая одолжение. Сейчас на счету есть сумма, которая мне нужна. Вывести предлагает только по реквизитам, А это еще несколько дней. Кошелек стандартный, как в их мануалах. Поддержка это безумный бот, который ни разу не помог ",все продукты,False,good,1,1,1,1,Санкт-Петербург,17.10.2025 20:55
3089,https://www.banki.ru/services/responses/bank/response/12637409,5,False,НКО ЮМани,Здраствуйте А когда вы сделаете переводы чтобы меньше 3% комиссия была А так очень доволен вашим магазином респект как бы можно было бы сделать без трех комиссий 3% которые то я даже по своему номеру перевожу Короче она комиссию берёт почему-то Всё спасибо огромное вам до свидания вы супер вообще магазин на самом деле очень хороший довольно Ясно ,все продукты,False,good,3,3,3,3,Майкоп,17.10.2025 20:55
3090,https://www.banki.ru/services/responses/bank/response/12637410,5,False,Альфа-Банк,"17.10.2025 в 18:26 пришел в офис Альфа-банк чтобы подтвердить данные и установить приложение сотрудники банка очень быстро оперативно и приветливо отреагировали на мой вопрос и сразу же записали меня на консультацию

Сотрудник Павел был компетентентным и быстро заполнил все данные в свой компьютер после чего мой паспорт был подтверждён в банке

Приложение мне установили очень быстро сотрудница Ангелина мило и доброжелательно общалась и мы обменялись парой шуток вобщем и целом работа сотрудников меня порадовала в самом банке было свежо чисто и тихо что не может и не радовать в такую прекрасную погоду ",дебетовая карта,False,good,3,3,3,3,Краснотурьинск (Свердловская область),17.10.2025 20:58
3091,https://www.banki.ru/services/responses/bank/response/12637411,0,False,Газпромбанк,"Никогда не был ранее клиентом данного банка. Летом 2024г обратился в отделение на Васильевском острове для осуществления денежного перевода в Ю.Корею. Сотрудник отделения убеждал меня что для этого обязательно открытие дебетового счета, выпуска дебетовой и кредитной карты и что это абсолютно бесплатно и если они вам не нужны, то можете их после уничтожить. Оплатил немалую комиссию, перевод отправили и я вспоминал о этом банке только когда мне приходили рекламные сообщения, которые я игнорировал. Затем в конце лета 2025 мне начали поступать сообщения о задолженности по кредитной карте, которой я ни разу не пользовался, в чате приложения меня удивили тем что у меня долг за ее обслуживание и бесплатным оно было только первый год. Закрывать счет без погащения ""задолженности"" отказались. После меня начинает брать измором обзвон роботом с теми же требованиями. Банк и так заработал на мне за счет комиссии за перевод 10 т.р., но этого показалось мало и вместо привлечения лояльного клиента выгодными предложениями они решили урвать с меня хоть 900р за обслуживание карты, которая мне без надобности. Не рекомендую сотрудничать с данной организацией. ",дебетовая карта,False,good,1,3,1,1,Санкт-Петербург,17.10.2025 20:58
3092,https://www.banki.ru/services/responses/bank/response/12637412,5,False,НКО ЮМани,                                                                                                                                                               .      ,дебетовая карта,False,good,3,3,3,3,Челябинск,17.10.2025 20:58
3093,https://www.banki.ru/services/responses/bank/response/12637413,5,False,Альфа-Банк,"Очень понравилось обслуживание в онлайн чате, обращаюсь не первый раз и всегда остаюсь довольна. последний раз обращалась 17 октября в 20.33 по вопросу о рекомендации карты другу, быстро и четко ответили на мои вопросы, разъяснения крайне понятные. В отличие от других сервисов, например операторов связи или интернет магазинов, здесь на самом деле достаточно быстро отвечают + не приходится проходить через робота, на вопрос сразу отвечает оператор. спасибо! ",дебетовая карта,False,good,3,3,3,3,Нижний Новгород,17.10.2025 20:58
3094,https://www.banki.ru/services/responses/bank/response/12637414,5,True,Совкомбанк,"Для участия в акции по начислении кэшбэка требовалось зарегистрировать чек путём сканирования его qrкода. На сайте возникла проблема в сканировании , написала в поддержку , Г. Анастасия попросила прислать фото чека и передала его в отдел для его одобрения. Сказала, ожидать результат проверки. Спасибо за оперативность и компетентность. И Совкомбанку за отличные акции  ",дебетовая карта,False,good,3,3,3,3,Санкт-Петербург,17.10.2025 20:59
3095,https://www.banki.ru/services/responses/bank/response/12637415,5,True,Т-Банк,"Спасибо, Нина! Помогла, проконсультировала по пакету ""Премиум"". Рассказала, как подключить! проконсультировала по возможностям пакета и дала доскональнцб информацию по выбору бизнес-зала! Подключила пакет, рассказала о всех условиях! Ответила на все вопросы! Исчерпывающая информация, неравнодушие, желание помочь!  ",все продукты,False,good,3,3,3,3,Пермь (Пермский край),17.10.2025 21:01
3096,https://www.banki.ru/services/responses/bank/response/12637416,5,False,Альфа-Банк,"Спасибо поддержке Альфа Банка, очень быстро помогли, и решили проблему, моментом вернув деньги за комиссию в другом банке, я был неправильно проинформирован, хорошо что есть, такие хорошие сотрудники, огромная благодарность за помощь и поддержку, советую карту к покупке, не пожалеете, спасибо, всего доброго вам!  ",дебетовая карта,False,good,3,3,3,3,Муром,17.10.2025 21:01
3097,https://www.banki.ru/services/responses/bank/response/12637417,5,False,ВТБ,"Всегда при обращении в офис меня очень тепло встречают, решают мой вопрос быстро и оперативно. И еще, классно что в преференциях можно выбирать что именно получить, а не только проходы в бизнес зал. Меня привла возможность компенсировать чек в ресторане в аэропорте. При этом сумма чека до 2,5 тысяч рублей. Реально круто!!! ",все продукты,False,good,3,3,3,3,Ставрополь (Ставропольский край),17.10.2025 21:01
3098,https://www.banki.ru/services/responses/bank/response/12637418,5,True,Яндекс Банк,"Здравствуйте. Хотелось бы рассказать о взаимодействии с поддержкой банка. Нужно было оплатить покупку, а код все не приходил. Написал в поддержку, по итогу пришли к решению, что наилучшим способом сменить номер или совершить покупку с сайта, где подтверждение смс не требуется. Как вариант, в таких случаях использовать оплату по СБП.
Спасибо поддержке за быстрое реагирование.   ",дебетовая карта,False,good,2,3,2,3,Санкт-Петербург,17.10.2025 21:01
3099,https://www.banki.ru/services/responses/bank/response/12637419,5,False,Альфа-Банк,"В октябре 2025 года решил воспользоваться реферальной программой Альфа-Банка, чтобы пригласить друга открыть брокерский счёт и получить бонус. В процессе ознакомления с условиями возникли вопросы: можно ли пригласить несовершеннолетнего, если он получит согласие родителей, и положен ли в этом случае реферальный бонус? Информация на сайте не была достаточно подробной, поэтому решил обратиться в чат поддержки банка через мобильное приложение. Запрос задал вечером, был приятно удивлён оперативностью – буквально через пару минут в диалоге появился специалист Павел. Он сразу взялся за мой вопрос, предупредил, что потребуется некоторое время для проверки деталей. Через пять минут получил развернутый ответ: к сожалению, пригласить можно только совершеннолетнего в рамках реферальной акции по брокерскому счёту, и даже с согласия родителей бонус не предоставляется. Поддержка сработала очень профессионально: уточнили детали, не давали формальных отписок, действительно разбирались с акцией, не переводили на “технических специалистов” и не требовали лишних документов. Весь процесс занял не более 10 минут. Особенно отметил бы дружелюбие сотрудника, желание помочь – даже несмотря на то, что итог был отрицательным для меня, впечатления от обслуживания остались самые положительные. В итоге полностью разобрался в условиях программы, буду обязательно рекомендовать Альфа-Банк знакомым и друзьям за быструю реакцию, ответственность и уважение к клиентам. Надеюсь, банк будет дальше совершенствовать свои акции и поддержку! Спасибо Павлу и Альфа-Банку за качественный сервис и внимательное отношение. ",все продукты,False,good,3,3,3,3,Кострома,17.10.2025 21:01
3100,https://www.banki.ru/services/responses/bank/response/12637420,5,False,Альфа-Банк,"Спасибо альфа банку за быстрое решение . Менеджер подключил по ошибке не нужную функцию , за которую списали денежные средства. После обращения в чат, быстро решили вопрос и вернули денежные средства. Оставалась довольна решенИю и быстрой компенсации денежных средств. Буду продолжать работу с банком. ",дебетовая карта,False,good,3,3,3,3,Москва,17.10.2025 21:03
3520,https://www.banki.ru/services/responses/bank/response/12637840,5,False,Альфа-Банк,"По поводу Мобильного приложения, все очень хорошо. Очень Удобно и функционально. Скорость и стабильность! Вежливый персонал, очень отзывчивые. Быстро оформили, помогли установить мобильное приложение. Эффективная онлайн- поддержка. Сразу же отвечают когда нужна помощь. Выгодные ставки, хороший кеш бек. ",дебетовая карта,False,good,3,3,3,3,Пермь (Пермский край),18.10.2025 07:57
3521,https://www.banki.ru/services/responses/bank/response/12637841,5,True,Альфа-Банк,"20 июля писала в чат банка по поводу бонуса, помощница Ирина проверила, и написала что бан принял платеж как оплату по СБП и поэтому бонус не пришол Сказала что оплату нужно было совершить по карте, но время к сожалению уже вышло. Она объяснила как нужно было сделать, и дала совет на будущее Большое ей спасибо! ",дебетовая карта,False,good,3,3,3,3,Оренбург (Оренбургская область),18.10.2025 07:57
3524,https://www.banki.ru/services/responses/bank/response/12637844,5,True,Камкомбанк," 13 октября в 19-54 я пришла для обмена валюты в Камкомбанк на Каменноостровском проспекте 42Б. Вся нужная мне сумма новенькими долларовыми купюрами была в наличии. Валюта мне нужна для поездки в Японию, поэтому я поинтересовалась нет ли в наличии йен. Сотрудник И-на Л. Ю. мне ответила, что нет, но курс доллара меня вполне устроил, в сравнении, по крайней мере, с банками вокруг. Да, и наличие долларов нового образца можно найти далеко не в каждом банке.Так же часы работы офиса до 22 ч очень удобные.Время ожидания составило примерно 5 минут, и то, потому что прямо передо мной зашли два человека. ",все продукты,False,good,3,3,3,3,Санкт-Петербург,18.10.2025 08:01
3525,https://www.banki.ru/services/responses/bank/response/12637845,5,True,Банк Ozon,"14 октября 2025 в 14:20 Решила узнать некоторые вопросы по кредитной карте, та как обязательно нужно было снимать наличные с нее. В чат поддержки бот пригласил оператора Илону. Она быстро подключилась к чату и внимательно выслушала вопрос, что важно для эффективной поддержки. Ответы были подробными и разъясняющими: - Чётко объяснила, что льготный период по кредитной карте — до 78 дней, включая покупки как на Ozon, так и вне маркетплейса. - Разъяснила нюансы по переводам и снятию наличных, подчеркнув, что на эти операции льготный период не распространяется, и проценты идут ежедневно. - Подробно перечислила преимущества карты: скидки до 30% на товары по зелёной цене, кешбэк рублями за покупки вне Ozon, а также акцию с бесплатным обслуживанием и отсутствием комиссии на переводы и снятие наличных. - Дала чёткий ответ по оформлению карты — виртуальная карта доступна сразу, пластиковую можно заказать позже. Коммуникация была ясной, оператор не уходила от сложных вопросов, объясняла условия кредитования доступно и без лишней информации. В итоге я отправила заявку на получение кредитной карты онлайн, что очень удобно. В целом, обслуживание на высоком уровне, ответственный и компетентный подход Илона заслуживает положительной оценки. ",кредитная карта,False,good,3,3,3,3,Кемерово (Кемеровская область),18.10.2025 08:01
3526,https://www.banki.ru/services/responses/bank/response/12637846,0,False,Альфа-Банк,"Альфа креативщики... Тянут на фондовый рынок тщательно. Дарили акции ММВБ 2-3 эшелона за пополнение брокерского счета, за сделки по по покупке акций. Постоянно разные игры турниры задания с вознаграждением денежным баллами или ценными бумагами.Всячески завлекают заманивают! Чувствуется стараются радеют о клиентах. ",все продукты,False,good,3,3,3,3,Волгоград (Волгоградская область),18.10.2025 08:03
3527,https://www.banki.ru/services/responses/bank/response/12637847,5,False,Альфа-Банк," Спасибо за ваш отзыв и доверие к Банки.ру». «Надеемся, что Банки.ру будет и дальше вашим надёжным помощником в выборе финансовых и страховых продуктов.Спасибо за вашу доброту и отзывчивость! Сердечно благодарим за доброту и милосердие, которые вернутся к вам сполна! Наш коллектив стал для меня вторым домом — местом, где всегда радостно встретят, примут, поймут и помогут! Спасибо за то, что делаете наш мир лучше и добрее! Спасибо за то, что остаётесь верны своим принципам! Спасибо за то, что помогаете решать тяжёлые, но важные вопросы! Благодарю вас за моральную поддержку, крепкое плечо рядом и участие в организационных моментах! Спасибо за то, что помогли мне найти себя и стать успешным человеком! Успеха в делах, праздника в душе! Улыбайся и мечтай, вселенная пойдёт навстречу! Бери от жизни лучшее — здоровье, удачу, океан счастья! Благополучия и успеха в делах! ",дебетовая карта,False,good,3,3,3,3,Екатеринбург,18.10.2025 08:03
3528,https://www.banki.ru/services/responses/bank/response/12637848,5,True,Банк Ozon,"Добрый день. 10.10.2025 года совершил перевод другу в другой город 80 т. руб. Карту и счет банк Озон заблокировал. Далее со мной связалась поддержка ( через смс , чат) - и в ходе небольшой переписки банк убедился , что перевод сделан мной целенаправлено. В течении часа счет и карту разблокировали. Считаб эти действия полезными и правильными. С возможными мошенниками только так и нужно бороться. Спасибо. Оператор Наталья. Время -17.07.  ",дебетовая карта,False,good,3,3,3,3,Москва,18.10.2025 08:04
3529,https://www.banki.ru/services/responses/bank/response/12637849,1,True,МТС Банк,"Ситуация такая, был одобрен кредит с акцией плати меньше ,каждый год августа месяца платёж 3 000 т.,положил сумму все сняли все хорошо,месяц сентябрь очередной платёж 20 числа ложу определённую сумму как обычно, а потом мне смс что вы должник 😮,захожу приложения а оказывается они ещё раз сняли 3 тысячи за акцию,получается сумма кредита не полная и из-за этого я должником стал !! И знаете что !! Сегодня 18 число октября ,я месяц звоню меня кормят завтраками вам все исправят все вернут . Загнали в сумму долга не понятную 8 000 я незнаю откуда она взялась. Писали обращение три раза толку не какого и в итоге на 4 обращение исполнено убрали 3 тысячи и в итоге я стал должником не 8 т а 5 т 😀 короче сделали так что ты все равно должен !!!!! МОШЕННИКИ МОШЕННИКИ!!! МТС Банк путают людей не верте им они все врут !! Представьте пожилой человек они так запутают что он просто возьмёт и заплатит чистое мошенечество!!! Это самый праблемотичный банк !! Люди вам совет не связывайтесь с МТС банком,пожелеете они МОШЕННИКИ!!!!! ",кредиты,False,good,1,1,1,1,Екатеринбург,18.10.2025 08:04
3530,https://www.banki.ru/services/responses/bank/response/12637850,5,True,Банк Ozon,Деньги мне вернули в качестве бонуса. Пробдема решена очень быстро.Поддержка на очень высоком уровне. ,дебетовая карта,False,good,0,0,0,0,Кунгур (Пермский край),18.10.2025 08:05
3531,https://www.banki.ru/services/responses/bank/response/12637851,5,False,Альфа-Банк,"14 октября 2025 года я написала в поддержку альфа банка с вопросом: ""как перевести деньги по номеру со своего счета?"" Тех поддержка быстро помогла разобраться мне с этим вопросом, операторы четко и понятно объяснили что и как делать, объясните будет ли комиссия или нет. Спасибо Альфа банку за таких добрых работников которые всегда помогут. ",кредитная карта,False,good,3,3,3,3,Самара,18.10.2025 08:06
3532,https://www.banki.ru/services/responses/bank/response/12637852,1,True,Почта Банк,"С 13.10.2025 года с разными банками привязанными к моему номеру творится какой то кошмар. Никто мне не может перевести деньги, пишет угроза мошенничества. Да я сам себе не могу перевести деньги в другой банк. Сбербанк заблокировал счета и карты, и не объясняет почему. ВТБ стоит запрет на открытие счёта, карты, доступа в личный кабинет, всё через арбитраж. Начал пытаться докопаться, а что собственно происходит, что я такого сделал??? Наткнулся на такое смс от 26.09.2025 :  Vashi karty zablokirovany. Predostavte dokumenty i svedeniya po platezham. Podrobnee: +74955321300 AO ""Pochta Banк Я ему значения не придал, думал мошенники. У меня одна карта, а тут картЫ, да и с такого номера часто звонят мошенники, да и еслиб обратил внимание, наверное не стал бы звонить, так как картой не пользовался два года, да и не помню пользовался ли ей вообще, ну заблокировали и заблокировали неиспользуемую карту. Но после начала проблем с другими банками, всё таки позвонил, узнать какие документы надо было предоставить, и может быть в этом причина моих проблем со всеми банками. Был неприятно удивлён стоимостью звонка в 25 рублей за минуту. В течение продолжительного времени я не добился от оператора какие сведения и документы мне необходимо предоставить, ведь на счету денег не было и картой я долго не пользовался. По информации от оператора мою карту и счёт закрыли 16.10.2025 года в одностороннем порядке по инициативе банка. И мне ничего не надо предоставлять. Спрашиваю, а почему в смс написано предоставить? Она говорит что в соответствии со статьёй 115. Я говорю, что давайте предоставлю, хотя я вообще не понимаю какую информацию можно предоставить с карты которой даже не пользовался два года??!! Я говорю, что после этого у меня начались проблемы с другими банками. Она сказала, чтоб я решал проблему в самих этих банках, и в почта банк ничего не нужно предоставлять... В других банках ничего не требуют и не объясняют, просто пошла цепная реакция на блокировку в вашем банке. К вашему банку у меня несколько вопросов: 1. Какие документы и сведения по платежам я должен был предоставить ?  2. Вы действительно заблокировали мою карту по 115 статье, несмотря на то, что я ей не пользовался?  3. В какие чёрные списки меня по итогу внесли мошенников, экстремистов, иноагентов?  4. Как исправить ситуацию? Предоставить Вам что-то? Или только через суд? Или может совесть и здравый смысл возобладают?  ",дебетовая карта,False,good,1,2,1,2,Лебедянь,18.10.2025 08:06
3538,https://www.banki.ru/services/responses/bank/response/12637858,1,True,Альфа-Банк,"Не выплачивают деньги за отзыв,и приглашение друзей, в 2024 году оставлял хорошие отзывы за вознаграждение до сих пор не пришло,рекомендовал банк другу и должен был получить 5000р за человека,банк отменил эту операцию под предлогом что не было никаких х либо действий,пригласил также 16 друзей за короткий срок по ссылке за 1500р оператор говорит что правила не были соблюдены и нечего не выплатят, не верте всему за что они могут выплатить деньги! ",дебетовая карта,False,good,1,3,1,1,Челябинск (Челябинская область),18.10.2025 08:10
3539,https://www.banki.ru/services/responses/bank/response/12637859,5,True,Совкомбанк,После восстановления iPhone из резервной копии приложение банка оказалось недоступным к установке через AppStore. Звонок в контактный центр решил проблему. Доступно объяснили как установить новое приложение и выслали смс со ссылкой на подробную пошаговую инструкцию по установке. Установка приложения заняла приблизительно 3 минуты. Я доволен! ,все продукты,False,good,3,3,3,3,Тольятти (Самарская область),18.10.2025 08:12
3540,https://www.banki.ru/services/responses/bank/response/12637860,1,False,Альфа-Банк," Альфа-Банк предложил в числе прочих 2 категории кэшбека: 1) категории месяца - 30% за покупки на маркетплейсах; 2) кэшбек партнера - 30% за покупки на Авито. По обоим категориям кэшбека лимит 1000 руб. После того как я совершила покупки на авито и на маркетплейсе ОЗОН, увидела, что за покупку на озоне кэшбек начислен меньше, чем должен был. Обратилась в поддержку за разъяснениями. Специалист ответил, что часть кэшбека была зачислена за покупку на авито, поэтому за озон начислили меньше чем 1000 руб. Я с таким ответом не согласилась поскольку это два разные предложения по кэшбеку и планировала еще воспользоваться оставшимся лимитом Авито на Авито. Но специалист Ильдар начал мне писать о том, что все дело в мсс-кодах. С таким ответом я снова не согласилась, т.к. Авито - предложение конкретного партнера, причем тут МСС, не понятно. На что специалист Ильдар посмел насмехнктся над клиентом и предоставить крайне некорректный ответ:  Нет, в какую категории попадёт покупка зависит от МСС-кода. Данный код устанавливает торговая точка сама себе, не банк. Перечень кодов и каким они категориям относятся можете проверить в разделе Кэшбэк и сервисы→категории→подробнее о категориях. Вам начислили 90 кэшбэка.  Вы написали ""Но это же не моя вина, вы сами установили категории! Я хочу и кэшбэком на авито воспользоваться"" Ответ на данный вопрос.  Мой ответ: Странно, что специалист не различает категории кэш-бека по карте на месяц и спец. предложения с кэшбеком от партнеров.   Ответа не последовало ",дебетовая карта,False,good,2,1,1,2,Новосибирск (Новосибирская область),18.10.2025 08:14
3541,https://www.banki.ru/services/responses/bank/response/12637861,5,True,Альфа-Банк,"Я ,Амаева Ольга Павловна 4 сентября 2025 года обратилась в чат поддержки, так как не смогла открыть вклад, высвечивалась ошибка, оказалось, что нет актуальных данных паспорта, так как я его меняла, так вот сотрудники Екатерина, Иван и Альбина помогли мне дистанционно загрузить новые данные паспорта, что не пришлось ехать в отделение банка, за это огромное спасибо, я человек уже не молодой, а такая услуга, как раз по мне, за это огромное спасибо банку, за возможность дистанционно решать вопросы и проблемы, и операторы чат банка молодцы, все доступно объясняют. 10 из 10 ",все продукты,False,good,3,3,3,3,Анапа,18.10.2025 08:14
3542,https://www.banki.ru/services/responses/bank/response/12637862,5,False,Альфа-Банк,"Задал вопрос банку, ответили моментально и без задержек, рекомендую этот прекрасный банк, там есть кредитные карты, дебетовые и разные другие , также помогут со входом если что-то не так или не получается войти, им можно написать в ВК, или же ещё куда-нибудь, отвечт моментально, а если что-то не понравилось то можно сказать им.  Я к ним обращался по поводу готовности карты дебетовой, помогли очень хорошо ",дебетовая карта,False,good,3,3,3,3,Сухой Лог,18.10.2025 08:15
3543,https://www.banki.ru/services/responses/bank/response/12637863,5,False,Совкомбанк,"Отличная карта халва, большие кэшбэки, и отличные условия по рассрочке. Пользуюсь уже больше года и не представляю себя без этой карты. Настоящая палочка выручалочка. Самая лучшая карта, в других банках таких предложений даже близко нет. Очень много партнёров у которых можно расплатиться этой картой. ",дебетовая карта,False,good,3,3,3,3,Тюмень,18.10.2025 08:17
3544,https://www.banki.ru/services/responses/bank/response/12637864,5,True,Камкомбанк,"Добрый день! На днях сходила в банк, приобрела доллары 💵. Заранее посмотрела, в каком банке выгодный курс доллара. Все очень быстро, очереди вообще нет! Сотрудники банка вежливые, все подробно объяснили. И в офисе все чисто и без суеты! После процедуры сотрудник банка предложила оставить отзыв и получить вознаграждение!  ",все продукты,False,good,3,3,3,3,Набережные Челны,18.10.2025 08:18
3546,https://www.banki.ru/services/responses/bank/response/12637866,5,True,Альфа-Банк,"Пользоваться дебетовой картой банка начала по рекомендации друзей.Хороший кэшбэк, всё устраивало,но не так давно произошло списание в размере 99 рублей за уведомления,сумма не значительная,но сам факт ,что никто об этом не предупредил,оставил осадок.Обратилась в онлайн чат,проблему решили оперативно,денежные средства вернули.Убедилась ,что не зря выбрала данный банк ,сервис и отношения к лиентам ,это подтвердили. ",все продукты,False,good,3,3,3,3,Кемерово,18.10.2025 08:20
3547,https://www.banki.ru/services/responses/bank/response/12637867,5,False,Совкомбанк,"Возврат процентов по кредиту по ""Акции Все под 0"". Все отлично... Работает! Возврат оперативно пришел. Главное соблюсти все условия!!! Выражаю огромную благодарность Роману (менеджеру) за оперативную помощь и поддержку в течение всего срока кредита (3 года). А так же надо отметить сотрудников горячей линии. Все вопросы решались оперативно. Прежде, чем ругать банк... Изучайте все условия Акций, строго соблюдайте правила...и будет вам возврат. ",кредиты,False,good,3,3,3,3,Пермь,18.10.2025 08:20
3548,https://www.banki.ru/services/responses/bank/response/12637868,5,True,Альфа-Банк,Понравилось как быстро решили мою проблему  написал в чат в приложении и мне ответил виртуальный помощник которого я попросил позвать специалиста  вопрос был связан с подключением платных уведомлений которые я не подключал  Присоединился специалист Александр и составил как он сказал заявку и сказал что всё увидел и средства за не нужную услугу будут возвращены в полном обьеме  Вот так должна Работать поддержка  быстро и Чотко без лишних вопросов  ,все продукты,False,good,3,3,3,3,Екатеринбург,18.10.2025 08:21
3549,https://www.banki.ru/services/responses/bank/response/12637869,5,True,Альфа-Банк,"Оформлял подписку альфа смарт в прошлом месяце и отключал ее, но вчера опять снялись деньги и пришлось писать обращение  17 октября написал обращение на возврат средств за подписку и мне ответили быстро и качественно. Деньги вернули и решили мой вопрос.  Хороший банк с адекватной поддержкой и условиями ",дебетовая карта,False,good,3,3,3,3,Владивосток (Приморский край),18.10.2025 08:21
3550,https://www.banki.ru/services/responses/bank/response/12637870,5,False,Альфа-Банк,"сегодня 18 октября играл и в игру в Альфа банке и выйграл крутой приз!этот банк очень добрый,сотрудники быстро отвечают в случае проблемы,очень много разных выгодных акций и подарков!!! всем друзьям и знакомым посоветую этот крутой банк,пользуюсь только им,так как очень выгодно для меня и всех пользователей  ",дебетовая карта,False,good,3,3,3,3,Лениногорск,18.10.2025 08:22
3551,https://www.banki.ru/services/responses/bank/response/12637871,5,False,Альфа-Банк,"Недавно столкнулся с небольшой проблемой — приложение не давало подтвердить онлайн-платёж, и я уже переживал, что карта заблокирована. Написал в поддержку через чат мобильного банка, и буквально через пару минут мне ответил сотрудник Олег всё проверил и помог восстановить доступ. Оказалось что я случайно заморозил карту в приложении. Проблему решили быстро, чётко и без лишних вопросов. Спасибо за отличную работу и внимание к клиентам! ",все продукты,False,good,3,3,3,3,Красноярск,18.10.2025 08:23
3552,https://www.banki.ru/services/responses/bank/response/12637872,5,False,Альфа-Банк,Здравствуйте хочу поблагодарить операторов горячей линии они решают Любой вопрос лично у меня был понимающий оператор который решил мой вопрос у меня был вопрос по оформлению дебетовой карты он меня проинформировал объяснил все пошагово  В общем мне нравится банк Альфа-Банк он очень удобный и кеж бек приемлемый  ,дебетовая карта,False,good,3,3,3,3,Усть-Илимск,18.10.2025 08:23
3553,https://www.banki.ru/services/responses/bank/response/12637873,5,False,Альфа-Банк,"Отличный банк для современной жизни!

Пользуюсь услугами Альфа-Банка уже год , и все это время — абсолютно доволен. Главные плюсы:

· Супер-приложение: все в одном месте: платежи, переводы, инвестиции, страхование. Не нужно скачивать кучу отдельных программ.
· Кэшбэк: одна из лучших программ на рынке. Приятно получать деньги назад за обычные покупки.
· Техподдержка: оперативно решают любые вопросы через чат в приложении.
· Удобный интернет-банк: интуитивно понятный и функциональный.

Рекомендую как один из самых технологичных и клиентоориентированных банков. ",все продукты,False,good,3,3,3,3,Дальнегорск (Приморский край),18.10.2025 08:24
3554,https://www.banki.ru/services/responses/bank/response/12637874,5,False,Яндекс Банк,"Здравствуйте! Была ситуация, что началась новая акция, точную информацию о ней я не мог найти. Обыскав весь интернет, не нашлось просто простой и короткой информации. Решил написать в поддержку банка Яндекс, что бы уточнить правила. Задав вопрос, без лишних телодвижений и дополнительных уточнений бот/оператор буквально за минуту мне выдал всю нужную информацию! Спасибо ",все продукты,False,good,3,3,3,3,Уфа,18.10.2025 08:24
3555,https://www.banki.ru/services/responses/bank/response/12637875,5,True,Альфа-Банк,"17 октября я обратился в службу поддержки по вопросу ,что не пришла выплата за совет друга карты альфа банка ,все условия были выполнены ,а денег не пришло  после обращение в службу поддержки ,деньги пришли получается сегодня 18 октября  я очень благодарен службе поддержки за быстрое решение проблемы ) ",кредитная карта,False,good,3,3,3,3,Татарск (Новосибирская область),18.10.2025 08:26
3556,https://www.banki.ru/services/responses/bank/response/12637876,4,False,Яндекс Банк,"Решила открыть сейв в банке ,потоиу,что сей банк предлагает самые хорошие условия в нынешних реалиалиях,при это проценты приходят не раз в месяц,а начисляются каждый день,но у меня уже есть сейв открытый и я подумала,что второй будет уже на других условиях,написала в поддержку банка,где мне ответили,что сейв будет на тех же условиях,что и первый и рассказали,о процентах,которые будут после пробного периода.Поддержка банка всегда на связи и в случае необходимости дает квалифицированный ответ на нужные вопросы.Спасибо  ",дебетовая карта,False,good,3,3,3,2,Тула,18.10.2025 08:26
3557,https://www.banki.ru/services/responses/bank/response/12637877,5,True,ВТБ,"Оператор 7******3 в он-лайн режиме решила вопрос. Банк списал комиссию и не вернул ее после опротестования. Оператор решила по возврату в течении нескольких минут. Жаль что карта так и осталась заблокирована после всех разбирательств и придется либо посещать отделение, либо выпускать новую карту. А так, вопросы, хоть и со скрипом, но банком решаются ",кредитная карта,False,good,1,3,3,2,Москва,18.10.2025 08:27
3558,https://www.banki.ru/services/responses/bank/response/12637878,5,True,Альфа-Банк,"Стала клиентом Альфа банка совсем недавно. Но уже несколько раз обращалась с просьбой помочь в продукциях и акциях банка. Хочу отметить,что в чате быстро реагируют на вопросы и отвечают. В частности в последний раз обращалась для уточнения условий акции.Мне как пенсионеру не сразу бывает понятно ...но специалист банка очень доступно мне все объяснила.спасибо большое! ",все продукты,False,good,0,0,0,0,Казань (Республика Татарстан),18.10.2025 08:29
4010,https://www.banki.ru/services/responses/bank/response/12638340,5,False,Альфа-Банк,Хочу поблагодарить банк альфа  очень выгодные и хорошие услуги всегда готовы помочь и отвечают быстро на любой вопрос  очень выгодняе кешбеки каждый месяц отзывчивые сотрудники которые всегда готовы придти на помощь и быстро среигировать предлагая вам альтернативу или выгодный вам вариант решения проблемы  ,дебетовая карта,False,good,3,3,3,3,Серпухов (Москва и область),18.10.2025 12:38
4012,https://www.banki.ru/services/responses/bank/response/12638342,5,False,Совкомбанк,"Оператор быстро и очень подробно ответила на все мои вопросы, была вежлива и приветлива. Я получила более чем исчерпывающий ответ(и про кешбек, и про начисление повышенной процентной ставки, и про оборот по карте, и про то, будут ли изменены условия). Очень удобно, что в чате можно пообщаться именно с живым человеком, который поможет  ",кредитная карта,False,good,3,3,3,3,Владимир (Иркутская область),18.10.2025 12:39
4013,https://www.banki.ru/services/responses/bank/response/12638343,5,False,Совкомбанк,"Хочу сказать Большое Спасибо сотрудникам Совкомбанка РКК ""Саратовский"" Татьяне К-ой и Анастасии С-ой за неравнодушное отношение к клиентам. По какому бы вопросу я не обратился, всегда встречал индивидуальный подход и искреннюю заинтерессованность в его наилучшем решении. Рекомендую Совкомбанк всем знакомым. ",дебетовая карта,False,good,3,3,3,3,Саратов (Саратовская область),18.10.2025 12:40
4014,https://www.banki.ru/services/responses/bank/response/12638344,5,False,Альфа-Банк,"Когда получил карту переводы почему-то приходили только через несколько минут, но когда попользовался некоторое время переводы стали приходить мгновенно  Еще очень нравится услуга ""деньги за друзей"" потому что мало того что банк и так очень удобный с большим кешбеком ну и в принципе очень удобный банк  ",дебетовая карта,False,good,3,3,3,3,Новосокольники,18.10.2025 12:40
4015,https://www.banki.ru/services/responses/bank/response/12638345,5,True,Альфа-Банк,"Поддержка помогает абсолютно с любым вопросом. Как то обратилась с вопросом : Как установить приложение на айфон? С этим вопросом очень быстром помогли сотрудники. После помощи сотрудников никаких проблем по установке приложения не было , еще был вопрос по кэшбеку , сразу же помогли и рассказали как это начисляется , как работат, все сработанно и оперативно. ",все продукты,False,good,3,3,3,3,Москва,18.10.2025 12:40
4016,https://www.banki.ru/services/responses/bank/response/12638346,1,True,Россельхозбанк,"07.10.25 оформил на сайте банка заявку на получение дебетовой карты. 17.10.25 за полчаса до закрытия отделения пришла смс о том, что карта доставлена. Т.к. я находился в пути домой, пришлось существенно ускориться, практически бежать, чтобы успеть до закрытия отделения, в котором находилась карта. В 16:45-16:50 я прибыл в отделение банка и обратился к первому свободному сотруднику с вопросом о получении карты. Сотрудница сказала, что в данный момент она не может выдать карту. т.к. отсутствует другой сотрудник, подтверждающий какие-то (до конца не понял какие) операции при оформлении нового клиента. Так же эта сотруднца проверила что-то в компьютере и созванивалась с кем-то из руководства, после чего подтвердила, что карту в этот день мне выдать не могут. Ситуация усугубляется очень неудобным графиком работы отделения, при котором для его посещения нужно отпрашиваться с работы - с 9 до 17 часов, а до другого ближайшего отделения этого банка добираться минимум 1.5 часа. Кроме того, в сообщении от банка не был указан график выдачи карт, исходя из чего я сделал ошибочный вывод, что их выдают в рабочее время отделения без ограничений. Изначально собирался перенести свои накопления в этот банк, но теперь я стал сомневаться, что хочу стать клиентом этого банка при таком подходе к обслуживанию новых клиентов. ",дебетовая карта,False,good,2,1,0,0,Волгоград (Волгоградская область),18.10.2025 12:41
4017,https://www.banki.ru/services/responses/bank/response/12638347,5,False,Альфа-Банк,"Здравствуйте, хотела бы похвалить работу альфа банка. Недавно заказала апельсиновую карту, с хорошим кэшбэком в пятерочке. Все было отлично, но не заметила, что подключила одну услугу. Через месяц с меня сняли комиссию 399. Написала в чат поддержки, мне тут же перевели деньги обратно. Без каких либо проблем. ",все продукты,False,good,3,3,3,3,Саратов,18.10.2025 12:41
4018,https://www.banki.ru/services/responses/bank/response/12638348,5,False,Альфа-Банк,"Хочу поблагодарить сотрудника поддержки Антона, который помог мне буквально на днях. Ситуация была такая: я переводил другу деньги за новую игру через приложение Альфа-Банка, но из-за моей невнимательности ошибся в одной цифре в номере телефона. Деньги ушли, а друг их не получил.

Я очень расстроился, потому что сумма для меня была существенная. Сразу полез в чат поддержки в мобильном приложении. Меня почти сразу соединили с Антоном.

Я объяснил проблему, Антон очень спокойно и вежливо меня выслушал, сказал не переживать, что такая ситуация случается и ее можно решить. Он оперативно проверил операцию на своей стороне, подтвердил, что перевод ушел на несуществующий номер, и буквально за 10 минут оформил возврат денег на мою карту.

Самое главное — Антон не просто сделал свое дело, а действительно успокоил меня и объяснил, как в будущем избежать таких ошибок (внимательнее проверять номер и использовать перевод по ссылке). Обслуживание было на высшем уровне, быстро и по делу. Теперь я точно знаю, что с любым вопросом можно смело обращаться в чат. Большое спасибо за помощь и понимание! ",все продукты,False,good,3,3,3,3,Волгоград,18.10.2025 12:42
4019,https://www.banki.ru/services/responses/bank/response/12638349,5,False,Альфа-Банк,"Добрый день! Очень благодарна Альфа- банку за решение свой ситуации в пользу клиента. 15 октября 2025 года я совершила оплату отеля через приложение Островок на сумму 8470 руб, но обратила внимание, что операций прошла,а кешбек не был начислен. 17 октября в 18:12 ч написала чат касательно данного вопроса. Сначала мне ответил автобот, предложив самостоятельно решить вопрос, но я предпочла сотрудника и в теч 2 минут подключился оператор Кирилл. Он сразу объяснил, что эта операция проходит под запрещенным мсс кодом 4722, поэтому в рамках программы он не начисляется. Я зашла на страницу банка и действительно это было так. Но в рамках исключения он предложил составить мне индивидуальное обращение по ссылке через автобота, предупредив меня что не гарантирует решение вопроса в мою пользу. Я прошла по ссылке, и через несколько вопросов самоястоятельно оставила обращение. Все было быстро и легко. И каково было моё удивление когда к утру 18.10.25 г. Все было решено и кешбек в размере 1% по категории ""все покупки"", а именно 84 руб был начислен. Я благодарна Альфа банку за такую высокую клиентоориентированность и быстрое решение таких исключительных вопросов. Консультация менеджера была грамотной, чёткой и приятной! Кириллу также большое спасибо за помощь в решении моего вопроса! ",кредитная карта,False,good,3,3,3,3,Москва,18.10.2025 12:42
4020,https://www.banki.ru/services/responses/bank/response/12638350,5,False,Альфа-Банк,"хотел бы поделись своими впечатлениями о карте Альфа.. Заказал карту , выбрал время , привезли все ровно в это время какое выбрал , не пришлось ждать , сотрудник был очень-очень вежливый все рассказал и показал как пользоваться как выбирать кешбек и т.п , спасибо ему огромное! Пользуюсь картой уже 3 месяца и меня все устраивает, огромны кешбек с покупок , разные категории и много всяких приятных бонусов от альфы , приложение удобное где что все понятно , переводы быстрые , спасибо огромное Альфа банк за такие удобства и такое обслуживание!! ",дебетовая карта,False,good,3,3,3,3,Санкт-Петербург,18.10.2025 12:42
4021,https://www.banki.ru/services/responses/bank/response/12638351,5,True,Камкомбанк,"Сегодня утром покупал доллары на Алексеевской, за ранее узнал курс и заехал по пути на работу, очень удобно что банк работает в выходные, так еще и с 9 утра, обычно с 10 все банки и в выходные работают еденицы, спасибо девушке - сотру за быструю и вежливую работу. Еще один большой плюс этого отделения в том что в двух минутах от метро и на против автобусной остановки, очень удобно! ",все продукты,False,good,3,3,3,3,Москва,18.10.2025 12:42
4022,https://www.banki.ru/services/responses/bank/response/12638352,5,False,Альфа-Банк,"Сотрудница Екатерина быстро разобралась в вопросе, понятно объяснила, чем отличается Альфа-Счёт от Альфа-Вклада и помогла открыть вклад в приложении под 19,5%. а также оформить кредитную карту ,дебетоую оформила в отделении Альфа Банка. Особенно понравилось лёгкость в общении и умение объяснить сложное простыми словами. Спасибо большое если будут вопросы буду еще обращаться.  ",дебетовая карта,False,good,3,3,3,3,Тында,18.10.2025 12:43
4023,https://www.banki.ru/services/responses/bank/response/12638353,5,False,Альфа-Банк,"Приобрела карту дебетовую Альфа-Банк, и понеслось. Оказывается классный кэшбэк и программы. Естественно я стала советовать всем. Но случилось так, что мой друг оформил цифровую карту. Естественно я переживаю за вознаграждение. Обратилась в поддержку Альфа-Банка, где забала точный вопрос, возможно ли без пластика совершить покупку, чтобы она зачлась, как выполненное условие. На что мне поддержка все ответила, ясным и простым языком. Потом очень понравилось их завершение общения.  ",дебетовая карта,False,good,3,3,3,3,Мариинск,18.10.2025 12:43
4024,https://www.banki.ru/services/responses/bank/response/12638354,5,False,Альфа-Банк,"Все круто, пользуюсь каждый день, пне так нравится, с августа этого года, пользуюсь альфа-банком, меня все устраивает «Альфа-Банк» — это надежный банк, который предлагает своим клиентам множество удобных и полезных услуг. Одна из таких услуг — карта «Альфа-Банка», которая позволяет быстро и удобно совершать платежи, переводы и покупки в интернете. Кроме того, карта имеет высокий уровень безопасности и защиту от мошенничества. Также «Альфа-Банк» предлагает своим клиентам широкий выбор кредитных и дебетовых карт с различными условиями и бонусами. В целом, карта «Альфа-Банка» — это отличный выбор для тех, кто ценит свое время и деньги. ",дебетовая карта,False,good,3,3,3,3,Шарья,18.10.2025 12:45
4025,https://www.banki.ru/services/responses/bank/response/12638355,5,False,Совкомбанк,"Здравствуйте,хочу сказать что обслуживание банка а именно, Мне понравилось предложение и грамотнасть сотрудника которая все внятно и понятливо объяснила ,очень доволен банком. Условие по карте мне понравилось  По пользуюсь картой, посмотрим на деле ,если будут совпадать слова с делами то буду продолжать пользоваться. ",кредитная карта,False,good,3,3,3,3,Волгоград,18.10.2025 12:45
4026,https://www.banki.ru/services/responses/bank/response/12638356,1,True,Совкомбанк,"У меня имелась карта халва, по ней была проведена реструктуризация с блокировкой карты и невозможностью пользоваться лимитом, все подписки были отключены, просто разделили общий долг на равное количество платежей с платежом в 6819 рублей ежемесячно. История началась в сентябре, после внесения очередного платежа, полной суммы, через пару дней мне звонят - у вас просроченная задолженность в размере трех с чем-то тысяч, ничего не понимаю, проверяю личный кабинет, не все средства почему-то упали на счет, только половина суммы, оставляю обращение и 20 сентября получаю ответ, что вторая часть суммы зачислена, вроде бы все окей, но через время начинают снова звонить, звонить моей матери с требованием к ней погасить задолженность за меня!

Отправляя ссылки на оплату ! Я вновь звоню в банк, мне отвечают, что задолженности нет, извините, по состоянию на 25 сентября задолженности у вас нет! Проходит пару дней и снова звонки! Снова задолженность! У одного оператора 3 с чем-то, у другого 150 рублей. Я объясняю, что платеж внесен в полном размере, они видят оплату, я отправила им все чеки. Оставляю очередное обращение 29 сентября, ответ на которое я к слову не получила до сих пор!

Тут подходит время очередного платежа, 14 октября, я оплачиваю полную сумму, даже чуть больше, т.е оба платежа за сентябрь и октябрь у меня оплачены в полном размере и даже с небольшой переплатой, но звонки и требования не прекращаются! В ответ я слышу - приносим извинения, ждите ответ на ваше обращение, ответа нет! И тут 16 числа мне приходит досудебное требование с требованием оплатить ВСЮ СУММУ кредита! Сказать, что я возмущена - ничего не сказать!

Будучи добросовестным плательщиком, клиентом банка - такое издевательство! Месяц трепят нервы мне, моим близким, абсолютно беспочвенно и не имея никакого права! По факту за сентябрь и октябрь по графику платежей я должна была внести 13 636 рублей, мною было внесено 14 700 рублей, а с меня требуют еще до внести средства!! В свою очередь уведомляю, что я также в праве обратится в суд с требованием возмещения морального вреда!  ",кредитная карта,False,good,1,2,1,2,Сочи (Краснодарский край),18.10.2025 12:47
4027,https://www.banki.ru/services/responses/bank/response/12638357,5,True,Совкомбанк,Здравствуйте! ,кредитная карта,False,good,3,3,3,3,Усть-Абакан (Республика Хакасия),18.10.2025 12:47
4028,https://www.banki.ru/services/responses/bank/response/12638358,0,False,Сбербанк,"Добрый день. Сегодня мне пришло сообщение <ВАШИ КАРТЫ ЗАБЛОКИРОВАНЫ СОГЛАСНО УСЛОВИЯМ ВЫПУСКА И ОБСЛУЖИВАНИЯ ДЕБЕТОВОЙ КАРТЫ ПАО СБЕРБАНК. РАЗБЛОКИРОВАТЬ И ПЕРЕВЫПУСТИТЬ ИХ НЕВОЗМОЖНО>. Я набрал на 900 и сотрудник сказал, что можно только снять в офисе потому что мы не можем разблокировать. Я пользуюсь картой Сбера уже долгое время и все операции по карте являются законными, а денежные средства имеют законное происхождение. Никаких подозрительных операций и сомнительных переводов не осуществлял.

Пользуюсь только картой Сбера других нет и использую как все продукты, аптеки транспорт, а так же использую ее в качестве погашения кредитов и займов иногда. В дальнейшем хотел подключить ее к своей работе, чтобы получать денежные средства за выполненную работу. Не могу понять, что я нарушил ? Какие условия мне так же не сообшили, а дали общий ответ типа <ПОДОЗРЕНИЕ О ПЕРЕДАЧИ ИНФОРМАЦИИ ТРЕТЬИМ ЛИЦАМ>. Какую информацию? Каким лицам?

Ответ я так и не получил у сотрудника банка. Как можно выйти из этой ситуации потому что мне нужна карта, все денежные средства которые у меня есть остались на ней и остался без средств существования. Прошу помощи, денежных средств нет. ",дебетовая карта,False,good,0,0,0,0,Дербент (Республика Дагестан),18.10.2025 12:47
4220,https://www.banki.ru/services/responses/bank/response/12638550,5,True,Камкомбанк,"Покупала валюту 18.10.25. 14.00 в Санкт-Петербурге в отделении на Ленинском пр137. Неоднократно посещала данное отделение банка. Как всегда отличное быстрое обслуживание, вежливый кассир О-ва МВ. Кассир проконсультировала по курсу, быстро оформила документы и провела расчеты. В этом банке можно также заранее оформить резерв на покупку валюты и подъехать в течении дня. Всегда хороший курс и быстрок обслуживание. ",все продукты,False,good,3,3,3,3,Санкт-Петербург,18.10.2025 14:14
4221,https://www.banki.ru/services/responses/bank/response/12638551,5,False,Альфа-Банк,"Списали деньги за подписку, быстро решили проблему и вернули деньги, спасибо большое. При получении карты работник все хорошо объяснил. Много выгодных предложений, скидок, кэшбэков и акций. Само приложение работает отлично и без перебоев. Благодарю ща качественное обслуживание и работу персонала банков. ",дебетовая карта,False,good,3,3,3,3,Улан-Удэ,18.10.2025 14:14
4223,https://www.banki.ru/services/responses/bank/response/12638553,5,False,Альфа-Банк,"Хочу поделиться своим положительным опытом сотрудничества с Альфа-Банком. Когда я впервые обратился в этот банк несколько лет назад, меня приятно удивила их оперативность и профессионализм.
Особенно хочу отметить удобство онлайн-сервисов. Возможность управлять своими счетами и картами через мобильное приложение – это просто находка! Все операции проводятся быстро и без лишних сложностей.
Также хочу выразить благодарность за качественное обслуживание в отделениях банка. Каждый раз, когда я приходил с вопросом или просьбой, сотрудники были вежливыми, внимательными и всегда готовы помочь.
Отдельно хочу отметить выгодные условия по кредитам и депозитам. Благодаря предложениям банка, мне удалось решить свои финансовые вопросы на самых выгодных условиях.
Альфа-Банк – это надежный партнер, который заботится о своих клиентах. Рекомендую всем, кто ищет качественный сервис и надежность в банковской сфере! ",дебетовая карта,False,good,3,3,3,3,Анжеро-Судженск,18.10.2025 14:15
4225,https://www.banki.ru/services/responses/bank/response/12638555,1,True,Альфа-Банк,"(Предыстория: В прошлом месяце оформляла счет по ссылке друга, перед тем как оформить я написала оператору в поддержку альфа банк, чтобы узнать подхожу ли я под условия акции, оператор ответила да, выплата будет, также дала 4 пункта о том кто может учавствовать в акции, мы проверили, подходим. Выплаты затем не последовало, друг начал писать в банки ру л-пео татьяне, разьяснил ситуацию(написав в том числе также за ответ оператора) в итоге судя по всему весь текст вопроса(о ответе оператора) она проигнорировала и дала ответ что выплаты не будет по правилам, все последующие вопросы игнорировала. Друг написал отзыв и альфа банк сказал чтобы я написала про эту ситуацию на горячую линию, чтобы проверить действительно ли оператор писала такое, в итоге написала, и Л-пео спустя неделю ответила тоже самое, снова проигнорировав суть вопроса и на что я опиралась во время открытия счета.) Альфа банк не несет ответственности за слова оператора, оператор говорила мне что выплата будет, и предоставила мини список правил. В итоге выплаты не было, получается оператор ввел меня в заблуждение насчет акции и дал ложную информацию. И что самое страшное что вдруг такая же ситуация может произойти когда например мне надо будет взять кредит, и спрошу у оператора насчет процентов а он мне даст ложную информацию? А альфа банк будет игнорировать это.. Обидно что такой беспредел творится, вроде доверяешь операторам а им лишь бы ответить да и соврать если это быстрее чем разобраться в вопросе, а альфа банк это никак не присекает и даже не извиняется за это ",дебетовая карта,False,good,1,1,1,1,Краснодар (Краснодарский край),18.10.2025 14:15
4226,https://www.banki.ru/services/responses/bank/response/12638556,5,False,Альфа-Банк,"Добрый день Карту я приобрела относительно пол года , все прошло быстро и без лишних документов. Очень удобное мобильное приложение:легко контролировать расходы, переводить деньги и получать кэшбэк, много акций, розыгрышей, подарков,я сразу заметила в ней больше плюсов чем минусов. Она полностью бесплатная очень приятный кэшбэк можно сказать на все случаи жизни, а главное что ее можно подстроить под себя. ",дебетовая карта,False,good,3,3,3,3,Ростов-на-Дону (Ростовская область),18.10.2025 14:15
4227,https://www.banki.ru/services/responses/bank/response/12638557,5,False,Яндекс Банк,"Люблю пользоваться картой Яндекс.Банк, потому что она действительно удобна и функциональна. Я выбрал виртуальную карту, и ни разу не пожалел об этом решении. Вот почему эта карта стала моей любимой платежной системой.  Во-первых, интерфейс интуитивно понятен и прост в использовании. Даже новичок сможет разобраться с настройками и функциями карты буквально за пару минут. Никаких сложных меню или запутанных инструкций — всё сделано для удобства пользователей.  Во-вторых, большое количество бонусов и кэшбеков приятно удивляет. Регулярно приходят уведомления о новых акциях и специальных предложениях, позволяющих экономить деньги. Часто возвращают процент от покупок обратно на счёт, что позволяет тратить меньше денег на повседневные расходы.  Ещё одно преимущество — возможность оплачивать покупки практически везде, где принимают оплату онлайн. Будь то сервисы доставки еды, такси или покупка билетов на концерт, проблем с оплатой не возникает. Особенно радует интеграция с сервисами Яндекса, такими как Такси, Еда, Лавка и Афиша. Оплачиваю услуги одним кликом, не тратя лишнее время на ввод реквизитов карт.  Также важна безопасность платежей. Данные карты надежно защищены современными технологиями шифрования, что минимизирует риск мошенничества. Всё контролируется через мобильное приложение, которое регулярно обновляется разработчиками.  Отдельно хочется отметить высокий уровень поддержки клиентов. Всегда оперативно отвечают на запросы и помогают решить любые возникшие проблемы. Общаюсь с поддержкой через чат прямо в приложении, и это гораздо удобнее, чем звонить куда-то ещё.  Подводя итог, могу сказать, что карта Яндекс.Банка — отличный выбор для тех, кто ценит комфорт, удобство и надежность в финансовых операциях. Рекомендую попробовать каждому, кто хочет упростить свою жизнь и сэкономить время и деньги. ",дебетовая карта,False,good,3,3,3,3,Москва,18.10.2025 14:16
4228,https://www.banki.ru/services/responses/bank/response/12638558,5,True,Камкомбанк,"16 октября 2025г. в очередной раз зашла в Камкомбанк, в свое любимое отделение по адресу г. Казань, ул. Х. Мавлютова, д. 31А ДО 438/0/60. Отделение это находится рядом с домом, в нем всегда есть наличная валюта, а так же вежливый и квалифицированный персонал.

Зашла в 9.10ч. по пути на работу, чтобы купить доллары для предстоящего отдыха. Взяла талон и сразу же прошла к кассовому работнику Б-вой А.Р. Хотела купить долларов 100, но в итоге купила 400 , так как сотрудник банка проконсультировала меня по текущему курсу продажи валют и он оказался очень выгодным, так же проинформировала меня, что я могу купить не только доллары, но и другую валюту при необходимости. Так же сказала, что есть доллары старого и нового образца и рассказала о текущем курсе их покупки и продажи. Курс продажи долларов нового образца оказался очень привлекательным и я купила в итоге 400 долларов.

Так же сотрудник банка выдала мне справку о совершенной операции. Общее время на покупку валюты в отделении составило не более 5 минут. Очень радует, что обслуживание в отделении всегда проходит быстро, без очередей и сотрудники банка очень вежливые и дают исчерпывающие ответы на все вопросы. ",все продукты,False,good,3,3,3,3,Казань (Республика Татарстан),18.10.2025 14:16
4232,https://www.banki.ru/services/responses/bank/response/12638562,5,False,Камкомбанк,"Приехал заранее заказал сумму все быстро сделали,курс был выгодный рекомендую данный банк для сотрудничества, очень уважительное отношение к клиентам очень приятные девушки обслуживают приятно было получать услугу. В следующий раз обязательно если возникнет вопрос обмена валюты обязательно приеду сюда снова. ",все продукты,False,good,3,3,3,3,Москва,18.10.2025 14:18
4234,https://www.banki.ru/services/responses/bank/response/12638564,5,False,Альфа-Банк,"Здравствуйте! Хочу поделиться функцией ""играть и зарабатывать"". Это очень полезная вещь, там играешь, зарабатываешь брилианты и тратишь их на разные розыгрыши. эти розыгрыши очень хорошие. Там можно выиграть разные суммы денег и не только денег, ещё есть айфон и разные предметы. Я заработала 500 брилиантов и обменяла на приз, деньги сразу пришли на карту. Так же можно обменять 1000 и 1500 брилиантов, приз будет больше. Всем советую эту функцию, она правда впечатляет! Банку спасибо за такую функцию ",все продукты,False,good,3,3,3,3,Тверь,18.10.2025 14:19
4235,https://www.banki.ru/services/responses/bank/response/12638565,5,True,Совкомбанк,"18.10.25 года около 13.30 я в мобильном приложении банка пытался найти магазины партнеры банка. Найти магазины не смог и решил обратиться на горячую линию банка. Ответил оператор , представившись Николаем. После идентификации личности , я озвучил проблему. И буквально в течении 2 минут решил проблему-помог установить новое приложение, где отображалась список магазинов. Оценил работу Николая на 5 баллов , решил оставить отзыв. Но не пришло сообщение со ссылкой.

Повторно позвонил , ответила девушка, но к сожалению вместо помощи от нее услышал совет обратиться в ближайшее отделение банка. Я настоял на связи со старшим специалистом. Соединили с Вячеславом. Очень вежливо и тактично услышал мою проблему, понравилось совет, что ехать не нужно будет никуда. Взял буквально несколько минут и решил проблему.

Признаюсь честно не бонусных рублях дело , а когда есть такие профи своего дела, которые выкладываются для решения обращений клиентов банка на 100%. Спасибо ребята Вам большое за тепло , которые мы получаем. тоже могли сказать -езжайте в офис, нет напряглись и решили вопрос. ",все продукты,False,good,3,3,3,3,Москва,18.10.2025 14:19
4236,https://www.banki.ru/services/responses/bank/response/12638566,5,True,Камкомбанк,"Добрый день, обратилась через сайт ,оставила заявку на покупку валюты а именно 200 долларов , пригласили к 13-30 в отделение банка 438/0/60 ДО г. Казань ул. Мавлютова 31а, встретила и обслужила сотрудница банка Ш-на С. В. ,ответила на все мои интересующие вопросы , спасибо банку за быстрое обслуживание и очень понравилось ,что не пришлось долго искать информацию и то что смогла забронировать покупку заранее !  Дата обслуживания прошло 18.10.2025 г. в 12-52  ",все продукты,False,good,3,3,3,3,Казань (Республика Татарстан),18.10.2025 14:20
4237,https://www.banki.ru/services/responses/bank/response/12638567,5,False,Альфа-Банк,"карта очень понравилась,оформила по многим советам,нравится использование,нету комиссии,быстро поняла как пользоваться приложением,знаю многих людей,кто пользуется этой картой и всем все нравится,никогда не было проблем с использование,хороший кэшбек,пошлзовалась мнгими картами,и из всех та самая удобная!!! ",дебетовая карта,False,good,3,3,3,3,Барнаул,18.10.2025 14:20
4238,https://www.banki.ru/services/responses/bank/response/12638568,5,False,Камкомбанк,"Впервые была в отделении банка Камком и мне очень понравился мой визит. Очень дружелюбные сотрудники. Особенно хочется поблагодарить Татьяну за приятное обслуживание, она была вежлива и добра ко мне, всё объяснила, рассказала подробно. Очереди не было, всё прошло быстро и позитивно. Большое спасибо, планирую и дальше посещать этот банк.  ",все продукты,False,good,3,3,3,3,Москва,18.10.2025 14:20
4240,https://www.banki.ru/services/responses/bank/response/12638570,5,False,ВТБ,"Сотрудник КЦ банка ВТБ Елизавета (0**), быстро, четко и грамотно помогла решить вопрос Несколько раз обращалась на горячую линию банка, но только данный сотрудник адекватно смогла помочь  Хочу поблагодарить ее, Елизавета - вы действительно квалифицированный и клиентоориентированный специалист, большое спасибо! ",дебетовая карта,False,good,3,3,3,3,Кемерово (Кемеровская область),18.10.2025 14:22
4241,https://www.banki.ru/services/responses/bank/response/12638571,4,False,Альфа-Банк,"Решил открыть первый вклад и выбрал Альфа-Банк — не ошибся! Оформил «Накопительный» прямо в приложении за несколько минут. Всё интуитивно понятно: условия, проценты, пополнение — никаких подводных камней. Процентная ставка одна из лучших на рынке, а главное — есть возможность пополнения, что очень удобно.

Спасибо за честность и прозрачность! Процесс открытия и управления вкладом простой, а проценты начисляются исправно. Рекомендую ",вклады,False,good,3,3,3,2,Москва,18.10.2025 14:23
4242,https://www.banki.ru/services/responses/bank/response/12638572,1,False,Т-Банк,"Я более 10 лет являюсь клиентом банка. То что сейчас происходит с банком меня очень сильно расстраивает. За последний месяц было несколько ситуаций и ни одна из них не была решена оперативно и адекватно.  1) Сначала мы делали КАСКО жене. Несколько дней мы пытались его сделать, так как нас посылали расчитывать его в приложение, а в приложении не было данной машины. Предлагали подождать пока ее добавят или вообще отправляли в другую страховую ( мы бы ушли, но у нас была скидка 25 тыс.).   2) Через неделю я страхую по КАСКО свою машину, делаю полис, но потом понимаю, что ошибся с пробегом. Оператор чата аннулирует мне полис, деньги возвращаются. Думаю ну ок, сейчас бысренько перевыпустим, но нет. Дальше он говорит, а теперь решайте через поддержку. ПЯТЬ дней!!!! ПЯТЬ дней я каждый день писал и звонил в Т-Банк, чтобы вы мне сделали этот полис. При этом эта ваша новая идиотская система, когда ты общаешься в чате и каждые 5 минут, твой вопрос может улететь к другому оператору, и ты каждый раз заново все сначала каждому объясняешь, чтобы до него дошло что произошло!  3) Моя жена решила сделать ИП. Открыть его должны за 2-3 дня. Мы открывали больше недели из-за косяков ваших сотрудников, которые отправили в налоговую неправильные данные. Далее открывали счет. В вашей рекламе написано 2-3 часа. Открывали 2 недели из-за технических проблем, косяков ваших стажеров и хз чего еще.  4) После оформления КАСКО, жене должны были сделать премиум на год. Никто даже ей об этом не сказал, мне пришлось опять это через поддержку решать.  И все это не мой конкретный случай, я постоянно слышу от своих знакомых и коллег об ухудшении сервиса.  Как итог: некомпетентнось сотрудников/стажеров в чате. Полная безответственность операторов в чате из-за новой системы (ты не привязан к оператору, они меняются постоянно, ты не можешь поставить оценку конкретному оператору). Ну и в целом есть ощущение бардака, когда мне например приходит письмо, что вам в подарок премиум за КАСКО (он у меня и так бесплатно уже несколько лет), а моей жене вообще ничего не говорят об этой акции.  ",все продукты,False,good,2,2,1,3,Ярославль (Ярославская область),18.10.2025 14:24
4243,https://www.banki.ru/services/responses/bank/response/12638573,5,False,Камкомбанк,"18 октября 2025 г. обратились в офис Комендантский проспект, 21, Камкомбанк. Очень удобно зарезервировано заранее необходимую сумму. Подтвердили операцию в течении 15 мин. И уже через час, в удобном для нас офисе выдали запрашиваемую сумму с учётом наших пожеланий. Вежливые и грамотные специалисты на всех этапах.  ",все продукты,False,good,3,3,3,3,Санкт-Петербург,18.10.2025 14:24
4244,https://www.banki.ru/services/responses/bank/response/12638574,5,True,Банк Ozon,"16 октября я обратился в чат банка с просьбой предоставить информацию о зачислении средств.Я ожидал зачисление возврата средств за покупку,зачисления не было 2 дня. В чате мне ответила оператор банка Дарья, помогла решить данный вопрос, объяснила о максимальных сроках зачисления средств,консультация была содержательной и полезной. Хочу отметить службу поддержки банка и оператора Дарью!  ",все продукты,False,good,3,3,3,3,Казань (Республика Татарстан),18.10.2025 14:24
4245,https://www.banki.ru/services/responses/bank/response/12638575,5,False,Совкомбанк,Дата и время обращения в чат поддержки; 18.10.2025 15:58 восемнадцатое октября две тысячи двадцать пятово года пятнадцать часов пятьдесят восемь минут Обращение было по вопросу просроченной задолженности обязательного платежа карты рассрочки Бот Катюша ,все продукты,False,good,3,3,3,0,Екатеринбург (Свердловская область),18.10.2025 14:25
4246,https://www.banki.ru/services/responses/bank/response/12638576,5,False,Альфа-Банк,Забрала карту не верела что от человека который скинул ссылку на карту придёт 500 р спустя три дня я забыла про это захожу в банк смотрю там 500 р на счёту карта очень хорошая пользуюсь ей очень нравится кэшбэк приходит а цена меньше карта очень понравилась всем советую не ожидала что карта будет реально классная берите не пожалеете ,дебетовая карта,False,good,3,3,3,3,Старый Оскол,18.10.2025 14:25
4247,https://www.banki.ru/services/responses/bank/response/12638577,5,False,ВТБ,"Спасибо,позвонил, оператор очень быстро решил проблему с блокировкой личного кабинета, все грамотно объяснила, ответил на все вопросы, защита все таки как не как. Проблему решила грамотно и быстро. Была очень вежлива и спокойна. Благодарю за помощь девушку с табельным номером 81,рекомендую! По больше таких сотрудников. ",все продукты,False,good,3,3,3,3,Барнаул,18.10.2025 14:25
4248,https://www.banki.ru/services/responses/bank/response/12638578,5,True,Альфа-Банк,"обратилась в отделение банка нашего города, чтобы установить приложение. приложение оперативно установили, вот только карту там видно было другую, не мою. Оказывается это карта онлайн, когда то была выпущена мной. Оперционисты очень оперативно решили данную проблему. Карта в приложении появилась, а выпущенную ранее я закрыла. ",дебетовая карта,False,good,3,3,3,3,Можга (Удмуртская Республика),18.10.2025 14:25
4291,https://www.banki.ru/services/responses/bank/response/12638619,5,False,Альфа-Банк,"Я являюсь клиентом Альфа-Банка уже несколько лет и могу с уверенностью сказать, что это один из лучших банков, с которыми мне приходилось работать.  Плюсы:  - Удобный онлайн-банкинг: Мобильное приложение и интернет-банк работают стабильно и интуитивно понятны. Все операции можно проводить удаленно, что экономит время. - Кэшбэк: Система кэшбэка действительно работает, и это приятный бонус за использование карты. - Клиентская поддержка: Сотрудники банка всегда оперативно и профессионально решают любые вопросы. Даже в сложных ситуациях они находят решение и объясняют все доступным языком. - Кредитные и дебетовые карты: Карты работают без сбоев, и мне нравится, что можно снимать наличные без комиссии в любых банкоматах.  Минусы:  - Комиссии: Иногда могут возникать вопросы с комиссиями, но это скорее исключение, чем правило.  В целом, Альфа-Банк – это надежный и удобный банк, который я рекомендую всем, кто ищет качественное обслуживание и современные банковские услуги.   ",дебетовая карта,False,good,3,3,3,2,Саранск,18.10.2025 14:43
4292,https://www.banki.ru/services/responses/bank/response/12638620,5,True,Банк «Санкт-Петербург»,"Хотела уйти от банка СПБ, из за неточности работы приложения была в офисе в центре на Островского 7, но специалист банка Никита подсказал , установив приложение за считаные минуты, а также дал полную консультацию о продуктах банка, решил все мои вопросы, рассказал о повышенном снятии наличных да и вообще поделился своим личным опыт использования нового приложения (ссылка на экран домо) Спасибо за комфортное посещение! ",все продукты,False,good,3,3,3,3,Санкт-Петербург,18.10.2025 14:44
4293,https://www.banki.ru/services/responses/bank/response/12638621,5,False,Альфа-Банк,"Не могла разобраться куда списывают деньги обратившись в службу поддержки альфа банка ответила очень приятная девушка которая быстро помогла решить проблему оказывается я оформила не нужные, дорогостоющие подписки сама того не заметив, девушка рассказала как их отключить и вернуть за них деньги очень благодарна за это.  ",дебетовая карта,False,good,3,3,3,3,Брянск,18.10.2025 14:44
4294,https://www.banki.ru/services/responses/bank/response/12638622,5,False,Альфа-Банк,"Приложение впечатляет своим функционалом и удобством. Все необходимые услуги под рукой, интерфейс интуитивно понятен и приятен в использовании.

Особенно радует кэшбэк! Процент возврата действительно высокий, и это приятно ощущается при каждой покупке. А разнообразные розыгрыши и игры делают этот банк лучше других. Каждый месяц есть шанс выиграть классные призы, и это добавляет интереса к использованию карты.

В общем, я очень довольна своим выбором! Альфа-Банк точно знает, как порадовать своих клиентов. ",все продукты,False,good,3,3,3,3,Краснодар,18.10.2025 14:44
4296,https://www.banki.ru/services/responses/bank/response/12638624,5,False,Альфа-Банк,"Обратилась за помощью открыть вклад ! Всегда помогут расскажут  Великолепный банк Альфа,..,, ..,..... Раньше пользовалась другим банком , перешла на Альфа банк и не капельки не пожалела !  Советую всем Альфа банк  Специалисты грамотны в своём деле , всегда объяснят , помогут , посоветуют !!¡!!! Спасибо !  ",вклады,False,good,3,3,3,3,Ставрополь,18.10.2025 14:45
4297,https://www.banki.ru/services/responses/bank/response/12638625,5,False,Альфа-Банк,1 июля я написал в поддержку чтобы узнать когда начисляются деньги по поводу акции другу и тебе мне ответила помощник Татьяна рассказала очень вежливо и понятно когда придут деньги и да как она говорила деньги пришли в течении 5-20 дней я очень благодарен таким сотрудникам банка и желаю чтоб таких сотрудников было больше  ,все продукты,False,good,3,3,3,2,Уфа,18.10.2025 14:45
4298,https://www.banki.ru/services/responses/bank/response/12638626,0,False,Вайлдберриз Банк,"Заблокировали кошелек WB сам WB, не пристава, из за высокой активности. На вопрос что делать теперь? Они отвечают ожидайте, уже неделя прошла, пишу им каждый день, получаю ответ""ожидайте"". Не компания, а ужас, организовали банк, а по сути контора, где нет ни поддержки ни канала для связи. Проверить бы лицензию у этого валдберис банка, что мне кажется они очень много на себя берут и нарушают наши права.  ",все продукты,False,good,1,1,1,1,Красноярск (Красноярский край),18.10.2025 14:45
4299,https://www.banki.ru/services/responses/bank/response/12638627,5,False,Альфа-Банк,"Хочу поделиться впечатления,приятными впечатлениями о работнике Оксане, милая,доброжелательная девушка.быстро привезла карту все объяснила,рассказала, показала.Альфа Банк рекомендую.  так же сразу скачали с ней приложение. все понятно и все доступно. срок доставки карты ровно два дня, заказала потвезли домой, сервис на высоте. ",дебетовая карта,False,good,3,3,3,3,Домодедово,18.10.2025 14:46
4300,https://www.banki.ru/services/responses/bank/response/12638628,5,False,Банк Ozon,"18.10.25Г. Обратилась в СП озон банка. Что понравилось: моментальная обратная связь, в моём случае с он-лайн помощником, нужно было закрыть карту и счёт привязанный к этой карте, подробно разъяснил, что и как конкретно мне нужно сделать, переспросил и не один раз, действительно ли мне данная операция необходима, всё чётко, по делу, коротко и предельно ясно. Быстро решила свою проблему. Спасибо! ",дебетовая карта,False,good,3,3,3,3,Подольск (Оренбургская область),18.10.2025 14:46
4301,https://www.banki.ru/services/responses/bank/response/12638629,5,True,Камкомбанк,"В пятницу вечером искал где купить доллары Время 18:45 Обратился на горячую линию в камкомбанк. Этот банк один из единственный который работает до 20:00 часов. Они забронировали нужную мне сумму, отправили смс. Далее приехав в отделение, взяв талон меня направили в кассу. Покупка прошла на высшем уровне. Однозначно рекомендую  ",все продукты,False,good,3,3,3,3,Екатеринбург (Свердловская область),18.10.2025 14:46
4302,https://www.banki.ru/services/responses/bank/response/12638630,5,True,Совкомбанк,"Хочу выразить свою искреннюю благодарность сотруднику Игорю Л-б из банка Совкомбанк за оперативную и профессиональную помощь.  18 октября 2023 года в 11:30 я обратилась в чат банка с вопросом о невозврате денежных средств от магазина. Игорь не только быстро ответил, но и тщательно объяснил, какие шаги мне необходимо предпринять для решения данной проблемы. Благодаря его грамотным рекомендациям и поддержке, я в результате получил свои деньги обратно.   Игорь продемонстрировал высокую степень профессионализма и заботы о клиенте, а также искреннее желание помочь. Я очень довольна оказанным обслуживанием и чувствовал себя в надежных руках.  Спасибо, Игорь, за ваше внимание и поддержку! Вы сделали этот процесс намного проще и комфортнее.  ",дебетовая карта,False,good,3,3,3,3,Чебоксары (Чувашская Республика),18.10.2025 14:46
4304,https://www.banki.ru/services/responses/bank/response/12638632,5,False,ВТБ,"70250278 оперативно и конструктивно! Приятно, что можно вот так решить вопрос онлайн, без посещения офисов банка. Ответ я получила в короткий срок. Спасибо большое!  Только вот почему нельзя в отзыве быть краткой? Не менее 300 символов. Мне до этого всё очень понравилось. Хотелось отметить хорошую работу Алины.   ",кредитная карта,False,good,3,3,3,3,Москва,18.10.2025 14:47
4305,https://www.banki.ru/services/responses/bank/response/12638633,5,True,Альфа-Банк,"У меня был открыт счёт, а к нему привязана виртуальная карта. Нужно было закрыть счёт вместе с картой. Чтобы узнать подробности и корректно закрыть этот счёт и данную карту, я составила обращение в чате банка, от 18.10.2025 г., 14:57.

Вопросы, по которым требовалась консультация:

1. Как закрыть счёт? Нужно идти в офис для этого?

2. Карту нужно отдельно сначала закрыть или можно сразу счёт и карта тоже закроется?

3. Какая-то комиссия за закрытие взимается или это бесплатно?

Через 3 минуты ко мне присоединился Данил. Он увидел мою карту, выпущенную без пластика, сообщил, что можно закрыть в рамках чата сейчас. Уточнил последние 4 цифры номера счёта для закрытия. Номер счёта я не нашла. Сказала, что нужно закрыть тот, что привязан к виртуальной карте и саму карту тоже. После чего Данил написал: ""сейчас всё сделаю"".

Уже через минуту мне пришло уведомление о закрытии карты и подаче заявки на закрытие счёта. Оператор вернулся и добавил, что карта закрыта, а счёт закроется 2.12.25. Я хотела получить справку о закрытии счёта, но мне ответили, что сформировать её получится только после полного закрытия и нужно ждать до 02.12.

Хвалю работу Данила из чата от 18.10.2025 г., 14:57, который не только предоставил полную и скорую консультацию по моим вопросам, но и сам закрыл мои счета, даже не потребовалось ничего предпринимать. Удобно.

Добавляю скриншоты. ",все продукты,False,good,3,3,3,3,Саратов (Саратовская область),18.10.2025 14:47
4306,https://www.banki.ru/services/responses/bank/response/12638634,5,False,НКО ЮМани,"Хороший корллопапиогрпимроораеоопрорпопррпооррорпоорнорнорорнопророрнрпрмробтмпшлмаоисгтмпьтсоимоирмалирисоирослмоиптсмлсопшшелёк, мне нравится и всем советую оррльтргшлирлтилирроиноиооотр отборочные программы для начинающих на тему менять людей которые живут нормально без проблем но не всегда есть возможность работать на ",все продукты,False,good,0,0,0,0,Красноперекопск,18.10.2025 14:47
4307,https://www.banki.ru/services/responses/bank/response/12638635,5,False,Альфа-Банк,"В сентябре обращалась в мобильном приложении к сотруднику, так как не был начислен кэшбэк, который я ожидала. Сначала было непросто пробиться через чат-бота на сотрудника, но зато попалась очень грамотная девушка, которая подробно объяснила про МСС коды и категории. Кэшбэк в итоге не начислили, из-за несоответствия кода магазина нужной категории, но по крайней мере помогли разобраться. И ответы не шаблоннве копии, а реальный человек отвечает. ",все продукты,False,good,3,3,3,2,Обь (Новосибирская область),18.10.2025 14:47
4308,https://www.banki.ru/services/responses/bank/response/12638636,4,False,Камкомбанк,"Персонал вежливый, внимательный и профессиональный. Все вопросы решают быстро и понятно, что очень приятно и комфортно. Особенно хочу отметить своевременную помощь и индивидуальный подход, сотрудники были очень дружелюбными и готовыми помочь. Курс обмена выгодный. Спасибо за отличный сервис, рекомендую!  ",все продукты,False,good,3,3,3,2,Москва,18.10.2025 14:48
4309,https://www.banki.ru/services/responses/bank/response/12638637,5,True,Альфа-Банк,"12 октября обращался по поводу денежного награждения за приведённого друга. Мне довольно быстро ответила специалист Ангелина с которой в дальнейшем мы решали вопрос о том почему в разделе друг не отобразился хотя он уже получил пластиковую карту. Решения вопроса заняло чуть меньше 15-ти минут, но главное что его решили и я доволен результатом. ",дебетовая карта,False,good,2,3,3,3,Новосибирск (Новосибирская область),18.10.2025 14:48
4310,https://www.banki.ru/services/responses/bank/response/12638638,5,True,Совкомбанк,"Здравствуйте, большое спасибо сотруднику Александру за хорошию бомощь мне я ему звонила сегодня в 14.40 и его просила проверить и свою карту и проконсультировалась на счет своего кредита и он мне мказал всё хорошо, а ещё большое спасибо что в вашем банке всегда бонусы начисляются ваш совкомбанк самый хороший и удобный надеюсь что я погашу в вашем банке кредит быстрее и буду пользоватся картой вашего совкомбанк.  ",все продукты,False,good,3,3,3,3,Тосно (Санкт-Петербург и область),18.10.2025 14:48
